/*
SQLyog Ultimate v11.11 (64 bit)
MySQL - 5.5.5-10.1.19-MariaDB : Database - arafahhk
*********************************************************************
*/

/*!40101 SET NAMES utf8 */;

/*!40101 SET SQL_MODE=''*/;

/*!40014 SET @OLD_UNIQUE_CHECKS=@@UNIQUE_CHECKS, UNIQUE_CHECKS=0 */;
/*!40014 SET @OLD_FOREIGN_KEY_CHECKS=@@FOREIGN_KEY_CHECKS, FOREIGN_KEY_CHECKS=0 */;
/*!40101 SET @OLD_SQL_MODE=@@SQL_MODE, SQL_MODE='NO_AUTO_VALUE_ON_ZERO' */;
/*!40111 SET @OLD_SQL_NOTES=@@SQL_NOTES, SQL_NOTES=0 */;
/*Table structure for table `c_paket` */

DROP TABLE IF EXISTS `c_paket`;

CREATE TABLE `c_paket` (
  `id_paket` int(10) NOT NULL AUTO_INCREMENT,
  `file_path` varchar(255) DEFAULT NULL,
  `file_name` varchar(255) DEFAULT NULL,
  `created_at` datetime DEFAULT NULL,
  `updated_at` datetime DEFAULT NULL,
  PRIMARY KEY (`id_paket`)
) ENGINE=InnoDB AUTO_INCREMENT=25 DEFAULT CHARSET=latin1;

/*Data for the table `c_paket` */

insert  into `c_paket`(`id_paket`,`file_path`,`file_name`,`created_at`,`updated_at`) values (13,'assets/images/paket/','paket-190822202940.jpg','2019-08-22 20:29:40',NULL),(14,'assets/images/paket/','paket-190822203014.jpg','2019-08-22 20:30:14',NULL),(15,'assets/images/paket/','paket-190822203023.jpg','2019-08-22 20:30:23',NULL),(16,'assets/images/paket/','paket-190822203033.jpg','2019-08-22 20:30:33',NULL),(17,'assets/images/paket/','paket-190822203044.jpg','2019-08-22 20:30:44',NULL),(18,'assets/images/paket/','paket-190822203057.jpg','2019-08-22 20:30:57',NULL),(19,'assets/images/paket/','paket-190822203108.jpg','2019-08-22 20:31:08',NULL),(20,'assets/images/paket/','paket-190822203116.jpg','2019-08-22 20:31:16',NULL),(21,'assets/images/paket/','paket-190822203125.jpg','2019-08-22 20:31:25',NULL),(22,'assets/images/paket/','paket-190822203136.jpg','2019-08-22 20:31:36',NULL),(23,'assets/images/paket/','paket-190822203145.png','2019-08-22 20:31:45',NULL),(24,'assets/images/paket/','paket-190822203153.png','2019-08-22 20:31:53',NULL);

/*Table structure for table `c_promo` */

DROP TABLE IF EXISTS `c_promo`;

CREATE TABLE `c_promo` (
  `id_promo` int(10) NOT NULL AUTO_INCREMENT,
  `promo_name` varchar(255) DEFAULT NULL,
  `promo_price` varchar(100) DEFAULT NULL,
  `promo_description` text,
  `promo_file_path` varchar(255) DEFAULT NULL,
  `promo_file_name` varchar(255) DEFAULT NULL,
  `created_at` datetime DEFAULT NULL,
  `updated_at` datetime DEFAULT NULL,
  PRIMARY KEY (`id_promo`)
) ENGINE=InnoDB DEFAULT CHARSET=latin1;

/*Data for the table `c_promo` */

/*Table structure for table `c_sliders` */

DROP TABLE IF EXISTS `c_sliders`;

CREATE TABLE `c_sliders` (
  `id_slide` int(10) NOT NULL AUTO_INCREMENT,
  `id_staff` int(10) DEFAULT NULL,
  `title` varchar(255) DEFAULT NULL,
  `file_path` varchar(255) DEFAULT NULL,
  `file_name` varchar(255) DEFAULT NULL,
  `description` text,
  `created_at` datetime DEFAULT NULL,
  `updated_at` datetime DEFAULT NULL,
  PRIMARY KEY (`id_slide`)
) ENGINE=InnoDB AUTO_INCREMENT=34 DEFAULT CHARSET=latin1;

/*Data for the table `c_sliders` */

insert  into `c_sliders`(`id_slide`,`id_staff`,`title`,`file_path`,`file_name`,`description`,`created_at`,`updated_at`) values (28,0,'Airland','assets/images/sliders/','slide-190822093349.jpg','Detail information from Slide 1														','2019-08-22 09:33:49','2019-09-05 14:45:58'),(29,0,'Rumah Impian','assets/images/sliders/','slide-190822093425.jpg','Detail information from Slide 2														','2019-08-22 09:34:25','2019-09-05 14:45:44'),(30,0,'Sale Cuci Gudang','assets/images/sliders/','slide-190822093445.jpg','Detail information from Slide 3														','2019-08-22 09:34:45','2019-09-05 14:45:31'),(31,0,'Tukar Tambah','assets/images/sliders/','slide-190822093503.jpg','Detail information from Slide 4														','2019-08-22 09:35:03','2019-09-05 14:45:19'),(32,0,'Arafah Selalu Ada untuk Anda','assets/images/sliders/','slide-190822093554.jpg','Detail information from Slide 5														','2019-08-22 09:35:54','2019-09-05 14:45:07'),(33,0,'Dirgayayu Ke-73','assets/images/sliders/','slide-190822093614.jpg','Detail information from Slide 6														','2019-08-22 09:36:14','2019-09-05 14:37:39');

/*Table structure for table `p_categories` */

DROP TABLE IF EXISTS `p_categories`;

CREATE TABLE `p_categories` (
  `id_categories` int(10) NOT NULL AUTO_INCREMENT,
  `name` varchar(255) NOT NULL,
  `file_path` varchar(100) DEFAULT NULL,
  `file_name` varchar(100) DEFAULT NULL,
  `created_at` datetime DEFAULT NULL,
  `updated_at` datetime DEFAULT NULL,
  PRIMARY KEY (`id_categories`)
) ENGINE=InnoDB AUTO_INCREMENT=9 DEFAULT CHARSET=latin1;

/*Data for the table `p_categories` */

insert  into `p_categories`(`id_categories`,`name`,`file_path`,`file_name`,`created_at`,`updated_at`) values (1,'PAKET','assets/images/contents/','1-paket-arafah.png',NULL,NULL),(2,'Elektronik','assets/images/contents/','2-category-elektronik.png',NULL,NULL),(3,'Furniture','assets/images/contents/','3-category-furniture.png',NULL,NULL),(4,'Sofa & Jati','assets/images/contents/','4-category-sofa-jati.png',NULL,NULL),(5,'Spring Bed','assets/images/contents/','5-category-spring-bed.png',NULL,NULL),(6,'Motor','assets/images/contents/','6-category-motor.png',NULL,NULL),(7,'Bahan Bangunan','assets/images/contents/','7-category-bahan-bangunan.png',NULL,NULL),(8,'Gadget','assets/images/contents/','8-category-gadget.png',NULL,NULL);

/*Table structure for table `p_category_sub` */

DROP TABLE IF EXISTS `p_category_sub`;

CREATE TABLE `p_category_sub` (
  `id_category_sub` int(10) NOT NULL AUTO_INCREMENT,
  `id_categories` int(10) NOT NULL,
  `name` varchar(255) NOT NULL,
  `file_path` varchar(100) DEFAULT NULL,
  `file_name` varchar(100) DEFAULT NULL,
  `created_at` datetime DEFAULT NULL,
  `updated_at` datetime DEFAULT NULL,
  PRIMARY KEY (`id_category_sub`)
) ENGINE=InnoDB AUTO_INCREMENT=21 DEFAULT CHARSET=latin1;

/*Data for the table `p_category_sub` */

insert  into `p_category_sub`(`id_category_sub`,`id_categories`,`name`,`file_path`,`file_name`,`created_at`,`updated_at`) values (1,6,'Honda','assets/images/contents/','6.1-category-motor-honda.png',NULL,NULL),(2,6,'Yamaha','assets/images/contents/','6.2-category-motor-yamaha.png',NULL,NULL),(3,8,'Handphone','assets/images/contents/','8.1-category-gadget-handphone.png',NULL,NULL),(4,8,'Kamera','assets/images/contents/','8.2-category-gadget-kamera.png',NULL,NULL),(5,8,'Laptop','assets/images/contents/','8.3-category-gadget-laptop.png',NULL,NULL),(6,2,'TV & Audio','assets/images/contents/','2.1-icon-elektronik-tv-audio.png',NULL,NULL),(7,2,'Kulkas','assets/images/contents/','2.2-icon-elektronik-kulkas.png',NULL,NULL),(8,2,'Mesin Cuci','assets/images/contents/','2.3-icon-elektronik-mesin-cuci.png',NULL,NULL),(9,2,'AC & Elektronik lainnya','assets/images/contents/','2.4-icon-elektronik-ac-lainnya.png',NULL,NULL),(10,3,'Lemari Pakaian','assets/images/contents/','3.1-icon-furniture-lemari.png',NULL,NULL),(11,3,'Rak TV','assets/images/contents/','3.2-icon-furniture-rak-tv.png',NULL,NULL),(12,3,'Meja Belajar','assets/images/contents/','3.3-icon-furniture-meja-belajar.png',NULL,NULL),(13,3,'Dapur','assets/images/contents/','3.4-icon-furniture-dapur.png',NULL,NULL),(14,3,'Kamar Set Dewasa','assets/images/contents/','3.5-icon-furniture-kamar-set-dewasa.png',NULL,NULL),(15,3,'Kamar Set Anak','assets/images/contents/','3.6-icon-furniture-kamar-set-anak.png',NULL,NULL),(16,3,'Dapur Set','assets/images/contents/','3.7-icon-furniture-dapur-set.png',NULL,NULL),(17,5,'Dewasa','assets/images/contents/','5.1-icon-spring-bed-dewasa.png',NULL,NULL),(18,5,'Anak','assets/images/contents/','5.2-icon-spring-bed-anak.png',NULL,NULL),(19,4,'Sofa','assets/images/contents/','4.1-icon-sofa.png',NULL,NULL),(20,4,'Jati','assets/images/contents/','4.2-icon-jati.png',NULL,NULL);

/*Table structure for table `p_category_type` */

DROP TABLE IF EXISTS `p_category_type`;

CREATE TABLE `p_category_type` (
  `id_category_type` int(10) NOT NULL AUTO_INCREMENT,
  `id_category_sub` int(10) NOT NULL,
  `name` varchar(255) NOT NULL,
  `created_at` datetime DEFAULT NULL,
  `updated_at` datetime DEFAULT NULL,
  PRIMARY KEY (`id_category_type`)
) ENGINE=InnoDB DEFAULT CHARSET=latin1;

/*Data for the table `p_category_type` */

/*Table structure for table `p_product_categories` */

DROP TABLE IF EXISTS `p_product_categories`;

CREATE TABLE `p_product_categories` (
  `id_product_categories` int(10) NOT NULL AUTO_INCREMENT,
  `id_products` int(10) NOT NULL,
  `id_categories` int(10) DEFAULT NULL,
  `id_category_sub` int(10) DEFAULT NULL,
  `id_category_type` int(10) DEFAULT NULL,
  `product_tags` text,
  `created_at` datetime DEFAULT NULL,
  `updated_at` datetime DEFAULT NULL,
  PRIMARY KEY (`id_product_categories`)
) ENGINE=InnoDB AUTO_INCREMENT=102 DEFAULT CHARSET=latin1;

/*Data for the table `p_product_categories` */

insert  into `p_product_categories`(`id_product_categories`,`id_products`,`id_categories`,`id_category_sub`,`id_category_type`,`product_tags`,`created_at`,`updated_at`) values (1,1,2,6,NULL,NULL,'2019-08-13 13:55:54',NULL),(2,2,2,6,NULL,NULL,'2019-08-13 13:58:26',NULL),(3,3,2,6,NULL,NULL,'2019-08-13 13:59:11',NULL),(4,4,2,6,NULL,NULL,'2019-08-13 14:02:35',NULL),(5,5,2,6,NULL,NULL,'2019-08-13 14:03:29',NULL),(6,6,2,6,NULL,NULL,'2019-08-13 14:04:08',NULL),(7,7,2,6,NULL,NULL,'2019-08-13 14:04:49',NULL),(8,8,2,6,NULL,NULL,'2019-08-13 14:05:56',NULL),(9,9,2,6,NULL,NULL,'2019-08-13 14:06:36',NULL),(10,10,2,9,NULL,NULL,'2019-08-13 14:07:15',NULL),(11,11,2,9,NULL,NULL,'2019-08-13 14:07:57',NULL),(12,12,2,7,NULL,NULL,'2019-08-13 16:46:01',NULL),(13,13,2,7,NULL,NULL,'2019-08-13 16:46:40',NULL),(14,14,2,7,NULL,NULL,'2019-08-13 16:47:21',NULL),(15,15,2,7,NULL,NULL,'2019-08-13 16:47:57',NULL),(16,16,2,7,NULL,NULL,'2019-08-13 16:50:12',NULL),(17,17,2,7,NULL,NULL,'2019-08-13 16:50:42',NULL),(18,18,2,7,NULL,NULL,'2019-08-13 16:51:11',NULL),(19,19,2,7,NULL,NULL,'2019-08-13 16:51:45',NULL),(20,20,2,8,NULL,NULL,'2019-08-13 16:52:21',NULL),(21,21,2,8,NULL,NULL,'2019-08-13 16:53:03',NULL),(22,22,2,8,NULL,NULL,'2019-08-13 16:53:35',NULL),(23,23,2,8,NULL,NULL,'2019-08-13 16:54:26',NULL),(24,24,3,11,NULL,NULL,'2019-08-13 16:57:38',NULL),(25,25,3,11,NULL,NULL,'2019-08-13 16:58:04',NULL),(26,26,3,11,NULL,NULL,'2019-08-13 16:58:28',NULL),(27,27,3,11,NULL,NULL,'2019-08-13 16:58:58',NULL),(28,28,3,11,NULL,NULL,'2019-08-13 16:59:32',NULL),(29,29,3,11,NULL,NULL,'2019-08-13 17:00:00',NULL),(30,30,3,12,NULL,NULL,'2019-08-13 17:00:43',NULL),(31,31,3,12,NULL,NULL,'2019-08-13 17:01:11',NULL),(32,32,3,10,NULL,NULL,'2019-08-13 17:01:45',NULL),(33,33,3,10,NULL,NULL,'2019-08-13 17:02:28',NULL),(34,34,3,12,NULL,NULL,'2019-08-13 17:03:03',NULL),(35,35,3,12,NULL,NULL,'2019-08-13 17:06:28',NULL),(36,36,3,10,NULL,NULL,'2019-08-13 17:07:13',NULL),(37,37,3,12,NULL,NULL,'2019-08-13 17:07:39',NULL),(38,38,3,16,NULL,NULL,'2019-08-13 17:08:15',NULL),(39,39,3,13,NULL,NULL,'2019-08-13 17:08:49',NULL),(40,40,3,13,NULL,NULL,'2019-08-13 17:09:23',NULL),(41,41,3,13,NULL,NULL,'2019-08-13 17:10:09',NULL),(42,42,3,16,NULL,NULL,'2019-08-13 17:11:26',NULL),(43,43,4,NULL,NULL,NULL,'2019-08-13 17:13:58',NULL),(44,44,4,NULL,NULL,NULL,'2019-08-13 17:14:18',NULL),(45,45,4,NULL,NULL,NULL,'2019-08-13 17:14:43',NULL),(46,46,4,NULL,NULL,NULL,'2019-08-13 17:15:07',NULL),(47,47,4,NULL,NULL,NULL,'2019-08-13 17:15:33',NULL),(48,48,4,NULL,NULL,NULL,'2019-08-13 17:21:20',NULL),(49,49,4,NULL,NULL,NULL,'2019-08-13 17:21:46',NULL),(50,50,4,NULL,NULL,NULL,'2019-08-13 17:22:12',NULL),(51,51,4,NULL,NULL,NULL,'2019-08-13 17:22:45',NULL),(52,52,4,NULL,NULL,NULL,'2019-08-13 17:23:11',NULL),(53,53,4,NULL,NULL,NULL,'2019-08-13 17:24:56',NULL),(54,54,4,NULL,NULL,NULL,'2019-08-13 17:26:05',NULL),(55,55,4,NULL,NULL,NULL,'2019-08-13 17:26:32',NULL),(56,56,4,NULL,NULL,NULL,'2019-08-13 17:27:10',NULL),(57,57,4,NULL,NULL,NULL,'2019-08-13 17:27:39',NULL),(58,58,4,NULL,NULL,NULL,'2019-08-13 17:28:04',NULL),(59,59,5,17,NULL,NULL,'2019-08-13 18:10:00',NULL),(60,60,5,17,NULL,NULL,'2019-08-13 18:10:24',NULL),(61,61,5,17,NULL,NULL,'2019-08-13 18:10:40',NULL),(62,62,5,17,NULL,NULL,'2019-08-13 18:11:01',NULL),(63,63,5,17,NULL,NULL,'2019-08-13 18:11:22',NULL),(64,64,5,18,NULL,NULL,'2019-08-13 18:11:46',NULL),(65,65,5,18,NULL,NULL,'2019-08-13 18:12:13',NULL),(66,66,5,18,NULL,NULL,'2019-08-13 18:12:36',NULL),(67,67,5,17,NULL,NULL,'2019-08-13 18:13:05',NULL),(68,68,3,14,NULL,NULL,'2019-08-13 18:13:58',NULL),(69,69,3,14,NULL,NULL,'2019-08-13 18:15:55',NULL),(70,70,3,14,NULL,NULL,'2019-08-13 18:16:46',NULL),(71,71,3,14,NULL,NULL,'2019-08-13 18:17:23',NULL),(72,72,3,15,NULL,NULL,'2019-08-13 18:17:52',NULL),(73,73,3,15,NULL,NULL,'2019-08-13 18:18:21',NULL),(74,74,3,15,NULL,NULL,'2019-08-13 18:18:55',NULL),(75,75,3,15,NULL,NULL,'2019-08-13 18:19:24',NULL),(76,76,3,15,NULL,NULL,'2019-08-13 18:19:50',NULL),(77,77,3,15,NULL,NULL,'2019-08-13 18:20:14',NULL),(78,78,6,1,NULL,NULL,'2019-08-13 18:22:32',NULL),(79,79,6,1,NULL,NULL,'2019-08-13 18:23:28',NULL),(80,80,6,1,NULL,NULL,'2019-08-13 18:24:04',NULL),(81,81,6,1,NULL,NULL,'2019-08-13 18:24:40',NULL),(82,82,6,1,NULL,NULL,'2019-08-13 18:25:15',NULL),(83,83,6,2,NULL,NULL,'2019-08-13 18:26:15',NULL),(84,84,6,2,NULL,NULL,'2019-08-13 18:26:50',NULL),(85,85,6,2,NULL,NULL,'2019-08-13 18:27:21',NULL),(86,86,6,2,NULL,NULL,'2019-08-13 18:27:47',NULL),(87,87,6,2,NULL,NULL,'2019-08-13 18:28:16',NULL),(88,88,8,3,NULL,NULL,'2019-08-13 18:39:36',NULL),(89,89,8,3,NULL,NULL,'2019-08-13 18:40:38',NULL),(90,90,8,3,NULL,NULL,'2019-08-13 18:42:07',NULL),(91,91,8,3,NULL,NULL,'2019-08-13 18:42:51',NULL),(92,92,8,3,NULL,NULL,'2019-08-13 18:43:30',NULL),(93,93,8,3,NULL,NULL,'2019-08-13 18:44:21',NULL),(94,94,8,3,NULL,NULL,'2019-08-13 18:44:56',NULL),(95,95,8,3,NULL,NULL,'2019-08-13 18:45:36',NULL),(96,96,8,3,NULL,NULL,'2019-08-13 18:46:20',NULL),(97,97,8,3,NULL,NULL,'2019-08-13 18:46:57',NULL),(98,98,8,3,NULL,NULL,'2019-08-13 18:47:40',NULL),(99,99,8,3,NULL,NULL,'2019-08-13 18:48:07',NULL),(100,100,8,3,NULL,NULL,'2019-08-13 18:49:32',NULL),(101,101,8,3,NULL,NULL,'2019-08-13 18:50:13',NULL);

/*Table structure for table `p_product_files` */

DROP TABLE IF EXISTS `p_product_files`;

CREATE TABLE `p_product_files` (
  `id_product_files` int(10) NOT NULL AUTO_INCREMENT,
  `id_products` int(10) NOT NULL,
  `file_path` varchar(255) DEFAULT NULL,
  `file_name` varchar(255) DEFAULT NULL,
  `created_at` datetime DEFAULT NULL,
  `updated_at` datetime DEFAULT NULL,
  PRIMARY KEY (`id_product_files`)
) ENGINE=InnoDB AUTO_INCREMENT=102 DEFAULT CHARSET=latin1;

/*Data for the table `p_product_files` */

insert  into `p_product_files`(`id_product_files`,`id_products`,`file_path`,`file_name`,`created_at`,`updated_at`) values (1,1,'assets/images/products/','190813135554-0.png','2019-08-13 13:55:54',NULL),(2,2,'assets/images/products/','190813135826-0.png','2019-08-13 13:58:26',NULL),(3,3,'assets/images/products/','190813135911-0.png','2019-08-13 13:59:11',NULL),(4,4,'assets/images/products/','190813140235-0.png','2019-08-13 14:02:35',NULL),(5,5,'assets/images/products/','190813140329-0.png','2019-08-13 14:03:29',NULL),(6,6,'assets/images/products/','190813140408-0.png','2019-08-13 14:04:08',NULL),(7,7,'assets/images/products/','190813140449-0.png','2019-08-13 14:04:49',NULL),(8,8,'assets/images/products/','190813140556-0.png','2019-08-13 14:05:56',NULL),(9,9,'assets/images/products/','190813140636-0.png','2019-08-13 14:06:36',NULL),(10,10,'assets/images/products/','190813140715-0.png','2019-08-13 14:07:15',NULL),(11,11,'assets/images/products/','190813140757-0.png','2019-08-13 14:07:57',NULL),(12,12,'assets/images/products/','190813164601-0.png','2019-08-13 16:46:01',NULL),(13,13,'assets/images/products/','190813164640-0.png','2019-08-13 16:46:40',NULL),(14,14,'assets/images/products/','190813164721-0.png','2019-08-13 16:47:21',NULL),(15,15,'assets/images/products/','190813164757-0.png','2019-08-13 16:47:57',NULL),(16,16,'assets/images/products/','190813165012-0.png','2019-08-13 16:50:12',NULL),(17,17,'assets/images/products/','190813165042-0.png','2019-08-13 16:50:42',NULL),(18,18,'assets/images/products/','190813165111-0.png','2019-08-13 16:51:11',NULL),(19,19,'assets/images/products/','190813165145-0.png','2019-08-13 16:51:45',NULL),(20,20,'assets/images/products/','190813165221-0.png','2019-08-13 16:52:21',NULL),(21,21,'assets/images/products/','190813165303-0.png','2019-08-13 16:53:03',NULL),(22,22,'assets/images/products/','190813165335-0.png','2019-08-13 16:53:35',NULL),(23,23,'assets/images/products/','190813165426-0.png','2019-08-13 16:54:26',NULL),(24,24,'assets/images/products/','190813165738-0.png','2019-08-13 16:57:38',NULL),(25,25,'assets/images/products/','190813165804-0.png','2019-08-13 16:58:04',NULL),(26,26,'assets/images/products/','190813165828-0.png','2019-08-13 16:58:28',NULL),(27,27,'assets/images/products/','190813165858-0.png','2019-08-13 16:58:58',NULL),(28,28,'assets/images/products/','190813165932-0.png','2019-08-13 16:59:32',NULL),(29,29,'assets/images/products/','190813170000-0.png','2019-08-13 17:00:00',NULL),(30,30,'assets/images/products/','190813170043-0.png','2019-08-13 17:00:43',NULL),(31,31,'assets/images/products/','190813170111-0.png','2019-08-13 17:01:11',NULL),(32,32,'assets/images/products/','190813170145-0.png','2019-08-13 17:01:45',NULL),(33,33,'assets/images/products/','190813170228-0.png','2019-08-13 17:02:28',NULL),(34,34,'assets/images/products/','190813170303-0.png','2019-08-13 17:03:03',NULL),(35,35,'assets/images/products/','190813170628-0.png','2019-08-13 17:06:28',NULL),(36,36,'assets/images/products/','190813170713-0.png','2019-08-13 17:07:13',NULL),(37,37,'assets/images/products/','190813170739-0.png','2019-08-13 17:07:39',NULL),(38,38,'assets/images/products/','190813170815-0.png','2019-08-13 17:08:15',NULL),(39,39,'assets/images/products/','190813170849-0.png','2019-08-13 17:08:49',NULL),(40,40,'assets/images/products/','190813170923-0.png','2019-08-13 17:09:23',NULL),(41,41,'assets/images/products/','190813171009-0.png','2019-08-13 17:10:09',NULL),(42,42,'assets/images/products/','190813171126-0.png','2019-08-13 17:11:26',NULL),(43,43,'assets/images/products/','190813171358-0.png','2019-08-13 17:13:58',NULL),(44,44,'assets/images/products/','190813171418-0.png','2019-08-13 17:14:18',NULL),(45,45,'assets/images/products/','190813171443-0.png','2019-08-13 17:14:43',NULL),(46,46,'assets/images/products/','190813171507-0.png','2019-08-13 17:15:07',NULL),(47,47,'assets/images/products/','190813171533-0.png','2019-08-13 17:15:33',NULL),(48,48,'assets/images/products/','190813172120-0.png','2019-08-13 17:21:20',NULL),(49,49,'assets/images/products/','190813172146-0.png','2019-08-13 17:21:46',NULL),(50,50,'assets/images/products/','190813172212-0.png','2019-08-13 17:22:12',NULL),(51,51,'assets/images/products/','190813172245-0.png','2019-08-13 17:22:45',NULL),(52,52,'assets/images/products/','190813172312-0.png','2019-08-13 17:23:11',NULL),(53,53,'assets/images/products/','190813172456-0.png','2019-08-13 17:24:56',NULL),(54,54,'assets/images/products/','190813172605-0.png','2019-08-13 17:26:05',NULL),(55,55,'assets/images/products/','190813172632-0.png','2019-08-13 17:26:32',NULL),(56,56,'assets/images/products/','190813172710-0.png','2019-08-13 17:27:10',NULL),(57,57,'assets/images/products/','190813172739-0.png','2019-08-13 17:27:39',NULL),(58,58,'assets/images/products/','190813172804-0.png','2019-08-13 17:28:04',NULL),(59,59,'assets/images/products/','190813181000-0.png','2019-08-13 18:10:00',NULL),(60,60,'assets/images/products/','190813181024-0.png','2019-08-13 18:10:24',NULL),(61,61,'assets/images/products/','190813181040-0.png','2019-08-13 18:10:40',NULL),(62,62,'assets/images/products/','190813181101-0.png','2019-08-13 18:11:01',NULL),(63,63,'assets/images/products/','190813181122-0.png','2019-08-13 18:11:22',NULL),(64,64,'assets/images/products/','190813181146-0.png','2019-08-13 18:11:46',NULL),(65,65,'assets/images/products/','190813181213-0.png','2019-08-13 18:12:13',NULL),(66,66,'assets/images/products/','190813181237-0.png','2019-08-13 18:12:36',NULL),(67,67,'assets/images/products/','190813181305-0.png','2019-08-13 18:13:05',NULL),(68,68,'assets/images/products/','190813181358-0.png','2019-08-13 18:13:58',NULL),(69,69,'assets/images/products/','190813181555-0.png','2019-08-13 18:15:55',NULL),(70,70,'assets/images/products/','190813181646-0.png','2019-08-13 18:16:46',NULL),(71,71,'assets/images/products/','190813181723-0.png','2019-08-13 18:17:23',NULL),(72,72,'assets/images/products/','190813181752-0.png','2019-08-13 18:17:52',NULL),(73,73,'assets/images/products/','190813181821-0.png','2019-08-13 18:18:21',NULL),(74,74,'assets/images/products/','190813181855-0.png','2019-08-13 18:18:55',NULL),(75,75,'assets/images/products/','190813181924-0.png','2019-08-13 18:19:24',NULL),(76,76,'assets/images/products/','190813181950-0.png','2019-08-13 18:19:50',NULL),(77,77,'assets/images/products/','190813182014-0.png','2019-08-13 18:20:14',NULL),(78,78,'assets/images/products/','190813182232-0.png','2019-08-13 18:22:32',NULL),(79,79,'assets/images/products/','190813182328-0.png','2019-08-13 18:23:28',NULL),(80,80,'assets/images/products/','190813182404-0.png','2019-08-13 18:24:04',NULL),(81,81,'assets/images/products/','190813182440-0.png','2019-08-13 18:24:40',NULL),(82,82,'assets/images/products/','190813182515-0.png','2019-08-13 18:25:15',NULL),(83,83,'assets/images/products/','190813182615-0.png','2019-08-13 18:26:15',NULL),(84,84,'assets/images/products/','190813182650-0.png','2019-08-13 18:26:50',NULL),(85,85,'assets/images/products/','190813182721-0.png','2019-08-13 18:27:21',NULL),(86,86,'assets/images/products/','190813182747-0.png','2019-08-13 18:27:47',NULL),(87,87,'assets/images/products/','190813182816-0.png','2019-08-13 18:28:16',NULL),(88,88,'assets/images/products/','190813183936-0.png','2019-08-13 18:39:36',NULL),(89,89,'assets/images/products/','190813184038-0.png','2019-08-13 18:40:38',NULL),(90,90,'assets/images/products/','190813184207-0.png','2019-08-13 18:42:07',NULL),(91,91,'assets/images/products/','190813184251-0.png','2019-08-13 18:42:51',NULL),(92,92,'assets/images/products/','190813184330-0.png','2019-08-13 18:43:30',NULL),(93,93,'assets/images/products/','190813184421-0.png','2019-08-13 18:44:21',NULL),(94,94,'assets/images/products/','190813184456-0.png','2019-08-13 18:44:56',NULL),(95,95,'assets/images/products/','190813184536-0.png','2019-08-13 18:45:36',NULL),(96,96,'assets/images/products/','190813184620-0.png','2019-08-13 18:46:20',NULL),(97,97,'assets/images/products/','190813184657-0.png','2019-08-13 18:46:57',NULL),(98,98,'assets/images/products/','190813184740-0.png','2019-08-13 18:47:40',NULL),(99,99,'assets/images/products/','190813184807-0.png','2019-08-13 18:48:07',NULL),(100,100,'assets/images/products/','190813184932-0.png','2019-08-13 18:49:32',NULL),(101,101,'assets/images/products/','190813185013-0.png','2019-08-13 18:50:13',NULL);

/*Table structure for table `p_products` */

DROP TABLE IF EXISTS `p_products`;

CREATE TABLE `p_products` (
  `id_products` int(10) NOT NULL AUTO_INCREMENT,
  `id_product_stock_status` int(10) DEFAULT NULL,
  `id_product_types` int(10) DEFAULT NULL,
  `product_name` varchar(255) DEFAULT NULL,
  `price_regular` varchar(255) DEFAULT NULL,
  `price_discount` varchar(255) DEFAULT NULL,
  `specification` text,
  `description` text,
  `created_at` datetime DEFAULT NULL,
  `updated_at` datetime DEFAULT NULL,
  PRIMARY KEY (`id_products`)
) ENGINE=InnoDB AUTO_INCREMENT=102 DEFAULT CHARSET=latin1;

/*Data for the table `p_products` */

insert  into `p_products`(`id_products`,`id_product_stock_status`,`id_product_types`,`product_name`,`price_regular`,`price_discount`,`specification`,`description`,`created_at`,`updated_at`) values (1,NULL,NULL,'LED LG 32LK500BPTA','400 HKD','',NULL,'GRATIS Parabola Setiap Pembelian TV 32\", 40\", 43\"														','2019-08-13 13:55:54',NULL),(2,NULL,NULL,'LED Samsung UA32N4003AKPXD','400 HKD','',NULL,'GRATIS Parabola Setiap Pembelian TV 32\", 40\", 43\"														','2019-08-13 13:58:26',NULL),(3,NULL,NULL,'LED Sharp 32SA4101i','400 HKD','',NULL,'GRATIS Parabola Setiap Pembelian TV 32\", 40\", 43\"														','2019-08-13 13:59:11',NULL),(4,NULL,NULL,'LED Polytron PLD-32T7510','400 HKD','',NULL,'GRATIS Parabola Setiap Pembelian TV 32\", 40\", 43\"														','2019-08-13 14:02:35',NULL),(5,NULL,NULL,'LED Polytron PLD40TV85','500 HKD','',NULL,'GRATIS Parabola Setiap Pembelian TV 32\", 40\", 43\"														','2019-08-13 14:03:29',NULL),(6,NULL,NULL,'Polytron BB-3501','350 HKD','',NULL,'GRATIS Parabola Setiap Pembelian TV 32\", 40\", 43\"														','2019-08-13 14:04:08',NULL),(7,NULL,NULL,'Samsung Smart TV UA40J5250DK','600 HKD','',NULL,'GRATIS Parabola Setiap Pembelian TV 32\", 40\", 43\", Smart TV														','2019-08-13 14:04:49',NULL),(8,NULL,NULL,'LED Samsung 43\" UA43N5003AKPXD','550 HKD','',NULL,'<p>GRATIS Parabola Setiap Pembelian TV 32\", 40\", 43\"</p><p>Ukuran 43\"														</p>','2019-08-13 14:05:56',NULL),(9,NULL,NULL,'LED LG 43\" 43LK5000PTA','550 HKD','',NULL,'<p>GRATIS Parabola Setiap Pembelian TV 32\", 40\", 43\"</p><p>Ukuran 43\"														</p>','2019-08-13 14:06:36',NULL),(10,NULL,NULL,'AC Sharp AHA5UCY (0,5 PK - 350 W)','300 HKD','',NULL,'<p>0,5 PK</p><p>350 W														</p>','2019-08-13 14:07:15',NULL),(11,NULL,NULL,'AC Sharp AHA9UCY (1 PK - 750 W)','350 HKD','',NULL,'<p>1 PK</p><p>750 W														</p>','2019-08-13 14:07:57',NULL),(12,NULL,NULL,'Polytron PRG-18KTR/V','300 HKD','',NULL,'														','2019-08-13 16:46:01',NULL),(13,NULL,NULL,'Polytron PRG-21LTR/V','400 HKD','',NULL,'														','2019-08-13 16:46:40',NULL),(14,NULL,NULL,'Polytron SCN-231L','400 HKD','',NULL,'														','2019-08-13 16:47:21',NULL),(15,NULL,NULL,'Polytron PRM21BN-Red/Blue','350 HKD','',NULL,'														','2019-08-13 16:47:57',NULL),(16,NULL,NULL,'Polytron PRM21HO-Red/Dark Blue','400 HKD','',NULL,'														','2019-08-13 16:50:12',NULL),(17,NULL,NULL,'Sharp SJ-236ND/FW/FP/FB','400 HKD','',NULL,'														','2019-08-13 16:50:42',NULL),(18,NULL,NULL,'Sharp SJ185/195MGF-Red/Blue','300 HKD','',NULL,'														','2019-08-13 16:51:11',NULL),(19,NULL,NULL,'Sharp SJ195MDS Red/Silver','400 HKD','',NULL,'														','2019-08-13 16:51:45',NULL),(20,NULL,NULL,'Samsung WA70H4000SG (7 kg)','350 HKD','',NULL,'Kapasitas 7 kg														','2019-08-13 16:52:21',NULL),(21,NULL,NULL,'Polytron PAW9513N (9,5 kg)','400 HKD','',NULL,'Kapasitas 9,5 kg														','2019-08-13 16:53:03',NULL),(22,NULL,NULL,'Polytron PAW75512M/B/S (7 kg)','300 HKD','',NULL,'Kapasitas 7 kg														','2019-08-13 16:53:35',NULL),(23,NULL,NULL,'LG T2350VSAM (10 kg)','450 HKD','',NULL,'Kapasitas 10 kg														','2019-08-13 16:54:26',NULL),(24,NULL,NULL,'Pro D Sunny','300 HKD','',NULL,'														','2019-08-13 16:57:38',NULL),(25,NULL,NULL,'Pro D Mocca','300 HKD','',NULL,'														','2019-08-13 16:58:04',NULL),(26,NULL,NULL,'Pro D VOTV 100 + VOSC 40','350 HKD','',NULL,'														','2019-08-13 16:58:28',NULL),(27,NULL,NULL,'Pro D Duwu 170','200 HKD','',NULL,'														','2019-08-13 16:58:58',NULL),(28,NULL,NULL,'Pro D Montana','300 HKD','',NULL,'														','2019-08-13 16:59:32',NULL),(29,NULL,NULL,'Graver VR157','200 HKD','',NULL,'														','2019-08-13 17:00:00',NULL),(30,NULL,NULL,'Apanel Sophia SD 2912 SEP','100 HKD','',NULL,'														','2019-08-13 17:00:43',NULL),(31,NULL,NULL,'Apanel Sophia DT 5912 SEP','90 HKD','',NULL,'														','2019-08-13 17:01:11',NULL),(32,NULL,NULL,'Apanel Sophia WDM 1935 SOF','220 HKD','',NULL,'														','2019-08-13 17:01:45',NULL),(33,NULL,NULL,'Apanel Tsum Tsum WDM 12235-TSM','200 HKD','',NULL,'														','2019-08-13 17:02:28',NULL),(34,NULL,NULL,'Apanel Tsum Tsum SD 22231-TSM','100 HKD','',NULL,'														','2019-08-13 17:03:03',NULL),(35,NULL,NULL,'Apanel Captain WDM 12131 CIV','200 HKD','',NULL,'														','2019-08-13 17:06:28',NULL),(36,NULL,NULL,'Apanel WD 112211 HWL','150 HKD','',NULL,'														','2019-08-13 17:07:13',NULL),(37,NULL,NULL,'Apanel SD 21221 HWL','100 HKD','',NULL,'														','2019-08-13 17:07:39',NULL),(38,NULL,NULL,'Graver Anata Set','800 HKD','',NULL,'														','2019-08-13 17:08:15',NULL),(39,NULL,NULL,'Montana Bulat 6 Kursi','250 HKD','',NULL,'6 Kursi														','2019-08-13 17:08:49',NULL),(40,NULL,NULL,'Pro D MM Sonya Kaca 4 Kursi','250 HKD','',NULL,'4 Kursi														','2019-08-13 17:09:23',NULL),(41,NULL,NULL,'New Espresso Kerang 4 Kursi','250 HKD','',NULL,'4 Kursi																												','2019-08-13 17:10:09',NULL),(42,NULL,NULL,'Dahlia Kitchen Set','550 HKD','',NULL,'														','2019-08-13 17:11:26',NULL),(43,NULL,NULL,'Sofa Enzo 321','700 HKD','',NULL,'														','2019-08-13 17:13:58',NULL),(44,NULL,NULL,'Sofa L Kenzo','400 HKD','',NULL,'														','2019-08-13 17:14:18',NULL),(45,NULL,NULL,'Roma Lemon 321','500 HKD','',NULL,'														','2019-08-13 17:14:43',NULL),(46,NULL,NULL,'Sofa 321 Bravo','700 HKD','',NULL,'														','2019-08-13 17:15:07',NULL),(47,NULL,NULL,'Sofa L Gracia','400 HKD','',NULL,'														','2019-08-13 17:15:33',NULL),(48,NULL,NULL,'KTM L Mahkota Mas','600 HKD','',NULL,'														','2019-08-13 17:21:20',NULL),(49,NULL,NULL,'MM Jepara','600 HKD','',NULL,'														','2019-08-13 17:21:46',NULL),(50,NULL,NULL,'Sofa Exclusive','700 HKD','',NULL,'														','2019-08-13 17:22:12',NULL),(51,NULL,NULL,'Sofa Aurora 321','500 HKD','',NULL,'														','2019-08-13 17:22:45',NULL),(52,NULL,NULL,'Sofa Peru 211','450 HKD','',NULL,'														','2019-08-13 17:23:11',NULL),(53,NULL,NULL,'Sofa L November','650 HKD','',NULL,'														','2019-08-13 17:24:56',NULL),(54,NULL,NULL,'Sofa L Black White','650 HKD','',NULL,'														','2019-08-13 17:26:05',NULL),(55,NULL,NULL,'Sofa 211 Premium Maroon','500 HKD','',NULL,'														','2019-08-13 17:26:32',NULL),(56,NULL,NULL,'Sofa 211 Premium Jamrud','500 HKD','',NULL,'														','2019-08-13 17:27:10',NULL),(57,NULL,NULL,'KTM Mawar Oscar 3111','300 HKD','',NULL,'														','2019-08-13 17:27:39',NULL),(58,NULL,NULL,'Jati Lois Bolong 3111','200 HKD','',NULL,'														','2019-08-13 17:28:04',NULL),(59,NULL,NULL,'Airland New Eco','550 HKD','',NULL,'<p>- Tebal Matras 25 cm</p><p>- Jenis Matras Soft (Empuk)</p><p>- Garansi Per 10 Tahun														</p>','2019-08-13 18:10:00',NULL),(60,NULL,NULL,'Central Deluxe Gladia Silver','400 HKD','',NULL,'														','2019-08-13 18:10:24',NULL),(61,NULL,NULL,'Central Deluxe Qatar 160x200','400 HKD','',NULL,'														','2019-08-13 18:10:40',NULL),(62,NULL,NULL,'Central Deluxe Bionic Blue Bianca 160','400 HKD','',NULL,'														','2019-08-13 18:11:01',NULL),(63,NULL,NULL,'Central Deluxe Bionic Brown Jasmine 160','400 HKD','',NULL,'														','2019-08-13 18:11:22',NULL),(64,NULL,NULL,'BIGLAND Charmy Kitty 120','300 HKD','',NULL,'														','2019-08-13 18:11:46',NULL),(65,NULL,NULL,'BIGLAND Superman 120','300 HKD','',NULL,'														','2019-08-13 18:12:13',NULL),(66,NULL,NULL,'BIGLAND 2in1 Tsum Tsum 120x200','300 HKD','',NULL,'														','2019-08-13 18:12:36',NULL),(67,NULL,NULL,'Central Deluxe 2in1 Asia 90x200','250 HKD','',NULL,'														','2019-08-13 18:13:05',NULL),(68,NULL,NULL,'Pro D Ibiza WD 3','850 HKD x 12bln','',NULL,'FREE TV Sharp 32\"														','2019-08-13 18:13:58',NULL),(69,NULL,NULL,'Pro D VOWD 2','600 HKD x 12bln','',NULL,'														','2019-08-13 18:15:55',NULL),(70,NULL,NULL,'Pro D Ibiza 2 Full Kaca','650 HKD x 12bln','',NULL,'UPGRADE +50 HKD bonus TV Sharp 24\"														','2019-08-13 18:16:46',NULL),(71,NULL,NULL,'Graver Anata Set','800 HKD x 12bln','',NULL,'UPGRADE +50 HKD bonus TV Sharp 24\"														','2019-08-13 18:17:23',NULL),(72,NULL,NULL,'KEA Panel Batman & Superman Set','550 HKD','',NULL,'														','2019-08-13 18:17:52',NULL),(73,NULL,NULL,'KEA Sofia','500 HKD','',NULL,'														','2019-08-13 18:18:21',NULL),(74,NULL,NULL,'KEA Charmy Kitty','550 HKD','',NULL,'														','2019-08-13 18:18:55',NULL),(75,NULL,NULL,'KEA Spiderman Set','550 HKD','',NULL,'														','2019-08-13 18:19:24',NULL),(76,NULL,NULL,'KEA Frozen Set','650 HKD','',NULL,'														','2019-08-13 18:19:50',NULL),(77,NULL,NULL,'Apanel Tsum Set','550 HKD','',NULL,'														','2019-08-13 18:20:14',NULL),(78,NULL,NULL,'Scoopy Stylish Matte','1,300 HKD /BLN','',NULL,'GRATIS Helm + Jaket														','2019-08-13 18:22:32',NULL),(79,NULL,NULL,'Beat Pop ESP','1,100 HKD /BLN','',NULL,'GRATIS Helm + Jaket														','2019-08-13 18:23:28',NULL),(80,NULL,NULL,'Vario 110 ESP Matte','1,250 HKD /BLN','',NULL,'GRATIS Helm + Jaket														','2019-08-13 18:24:04',NULL),(81,NULL,NULL,'Supra X 125 F1 Energetic','1,300 HKD /BLN','',NULL,'GRATIS Helm + Jaket														','2019-08-13 18:24:40',NULL),(82,NULL,NULL,'Revo X F1 2018 Quantum','1,100 HKD /BLN','',NULL,'GRATIS Helm + Jaket														','2019-08-13 18:25:15',NULL),(83,NULL,NULL,'Lexi 2018','1,450 HKD /BLN','',NULL,'GRATIS Helm + Jaket														','2019-08-13 18:26:15',NULL),(84,NULL,NULL,'Mio M3 125cc 2018','1,100 HKD /BLN','',NULL,'GRATIS Helm + Jaket														','2019-08-13 18:26:50',NULL),(85,NULL,NULL,'Vega Force 2018','1,100 HKD /BLN','',NULL,'GRATIS Helm + Jaket														','2019-08-13 18:27:21',NULL),(86,NULL,NULL,'Soul GT AKS 2018 BR','1,200 HKD /BLN','',NULL,'GRATIS Helm + Jaket														','2019-08-13 18:27:47',NULL),(87,NULL,NULL,'Jupiter Z1 2018','1,200 HKD /BLN','',NULL,'GRATIS Helm + Jaket														','2019-08-13 18:28:16',NULL),(88,NULL,NULL,'Samsung Galaxy A20 (3GB/32GB)','500 HKD','',NULL,'<p>Cicilan 6 Bulan<br></p><p><br></p><p>-RAM 3 GB</p><p>-Internal 32 GB														</p>','2019-08-13 18:39:36',NULL),(89,NULL,NULL,'Samsung Galaxy A40 (6GB/64GB)','750 HKD','',NULL,'<p>Cicilan 6 Bulan</p><p><br></p><p>- RAM 6 GB</p><p>- Internal 64 GB														</p>','2019-08-13 18:40:38',NULL),(90,NULL,NULL,'Samsung Galaxy A60 (6GB/128GB)','850 HKD','',NULL,'<p>Cicilan 6 Bulan</p><p><br></p><p>- RAM 6 GB</p><p>- Internal 128 GB														</p>','2019-08-13 18:42:07',NULL),(91,NULL,NULL,'Samsung Galaxy A70 (6GB/128GB) Dual SIM Card','1,050 HKD','',NULL,'<p>Cicilan 6 Bulan</p><p><br></p><p>- RAM 6 GB</p><p>- Internal 128 GB</p><p>- Dual SIM Card														</p>','2019-08-13 18:42:51',NULL),(92,NULL,NULL,'Samsung Galaxy A9 (6GB/128GB)','1,200 HKD','',NULL,'<p>Cicilan 6 Bulan</p><p><br></p><p>- RAM 6 GB</p><p>- Internal 128 GB														</p>','2019-08-13 18:43:30',NULL),(93,NULL,NULL,'Samsung Galaxy A8 Star (64 GB)','850 HKD','',NULL,'<p>Cicilan 6 Bulan</p><p><br></p><p>- Internal 64 GB														</p>','2019-08-13 18:44:21',NULL),(94,NULL,NULL,'Samsung Galaxy A6 Plus (64 GB)','750 HKD','',NULL,'<p>Cicilan 6 Bulan</p><p><br></p><p>- Internal 64 GB														</p>','2019-08-13 18:44:56',NULL),(95,NULL,NULL,'Samsung Galaxy A7 (4GB/128)','850 HKD','',NULL,'<p>Cicilan 6 Bulan</p><p><br></p><p>- RAM 4 GB</p><p>- Internal 128 GB														</p>','2019-08-13 18:45:36',NULL),(96,NULL,NULL,'Samsung Galaxy J4 Plus (2GB/32GB) Layar 6.0\"','550 HKD','',NULL,'<p>Cicilan 6 Bulan</p><p><br></p><p>- RAM 2 GB</p><p>- Internal 32 GB</p><p>- Layar 6.0\"														</p>','2019-08-13 18:46:20',NULL),(97,NULL,NULL,'Samsung Galaxy J6 (64 GB)','700 HKD','',NULL,'<p>Cicilan 6 Bulan</p><p><br></p><p>- Internal 64 GB														</p>','2019-08-13 18:46:57',NULL),(98,NULL,NULL,'Xiaomi MI Max 3','700 HKD','',NULL,'Cicilan 6 Bulan														','2019-08-13 18:47:40',NULL),(99,NULL,NULL,'Xiaomi MI A2','500 HKD','',NULL,'Cicilan 6 Bulan														','2019-08-13 18:48:07',NULL),(100,NULL,NULL,'Redmi 7 (3/64) Dual SIM','500 HKD','',NULL,'<p>Cicilan 6 Bulan</p><p><br></p><p>- RAM 3 GB</p><p>- Internal 64 GB</p><p>- Dual SIM Card														</p>','2019-08-13 18:49:32',NULL),(101,NULL,NULL,'Redmi Note 7 (4/128) Dual SIM','600 HKD','',NULL,'<p>Cicilan 6 Bulan</p><p><br></p><p>- RAM 4 GB</p><p>- Internal 128 GB</p><p>- Dual SIM Card														</p>','2019-08-13 18:50:13',NULL);

/*Table structure for table `s_category_view` */

DROP TABLE IF EXISTS `s_category_view`;

CREATE TABLE `s_category_view` (
  `id_category_view` int(10) NOT NULL AUTO_INCREMENT,
  `id_categories` int(10) DEFAULT NULL,
  `created_at` datetime DEFAULT NULL,
  `updated_at` datetime DEFAULT NULL,
  PRIMARY KEY (`id_category_view`)
) ENGINE=InnoDB AUTO_INCREMENT=25 DEFAULT CHARSET=latin1;

/*Data for the table `s_category_view` */

insert  into `s_category_view`(`id_category_view`,`id_categories`,`created_at`,`updated_at`) values (1,2,'2019-08-18 20:33:23',NULL),(3,1,'2019-08-18 20:49:20',NULL),(4,7,'2019-08-18 20:49:34',NULL),(5,4,'2019-08-18 20:49:45',NULL),(6,5,'2019-08-21 14:26:42',NULL),(7,5,'2019-08-21 14:27:03',NULL),(8,1,'2019-08-22 19:38:26',NULL),(9,1,'2019-08-22 19:38:56',NULL),(10,1,'2019-08-22 19:39:51',NULL),(11,1,'2019-08-22 19:40:33',NULL),(12,1,'2019-08-22 20:33:00',NULL),(13,4,'2019-08-28 19:35:14',NULL),(14,4,'2019-08-28 19:35:33',NULL),(15,4,'2019-08-28 19:50:41',NULL),(16,4,'2019-08-28 19:50:47',NULL),(17,4,'2019-08-28 19:50:51',NULL),(18,3,'2019-08-31 16:51:33',NULL),(19,3,'2019-08-31 16:52:19',NULL),(20,3,'2019-08-31 19:18:02',NULL),(21,1,'2019-08-31 19:18:09',NULL),(22,7,'2019-08-31 19:48:29',NULL),(23,1,'2019-08-31 19:48:41',NULL),(24,1,'2019-09-10 08:09:02',NULL);

/*Table structure for table `s_product_view` */

DROP TABLE IF EXISTS `s_product_view`;

CREATE TABLE `s_product_view` (
  `id_product_view` int(10) NOT NULL AUTO_INCREMENT,
  `id_products` int(10) DEFAULT NULL,
  `created_at` datetime DEFAULT NULL,
  `updated_at` datetime DEFAULT NULL,
  PRIMARY KEY (`id_product_view`)
) ENGINE=InnoDB AUTO_INCREMENT=13 DEFAULT CHARSET=latin1;

/*Data for the table `s_product_view` */

insert  into `s_product_view`(`id_product_view`,`id_products`,`created_at`,`updated_at`) values (1,78,'2019-08-18 20:38:18',NULL),(2,23,'2019-08-19 20:24:44',NULL),(3,88,'2019-08-19 20:24:54',NULL),(4,91,'2019-08-19 20:24:59',NULL),(5,91,'2019-08-19 20:25:04',NULL),(6,4,'2019-08-19 20:39:18',NULL),(7,4,'2019-08-19 20:39:27',NULL),(8,4,'2019-08-19 20:39:37',NULL),(9,4,'2019-08-19 23:00:58',NULL),(10,88,'2019-08-19 23:07:24',NULL),(11,4,'2019-08-19 23:22:17',NULL),(12,47,'2019-08-19 23:27:19',NULL);

/*Table structure for table `s_slide_view` */

DROP TABLE IF EXISTS `s_slide_view`;

CREATE TABLE `s_slide_view` (
  `id_slide_view` int(10) NOT NULL AUTO_INCREMENT,
  `id_slide` int(10) DEFAULT NULL,
  `created_at` datetime DEFAULT NULL,
  `updated_at` datetime DEFAULT NULL,
  PRIMARY KEY (`id_slide_view`)
) ENGINE=InnoDB AUTO_INCREMENT=9 DEFAULT CHARSET=latin1;

/*Data for the table `s_slide_view` */

insert  into `s_slide_view`(`id_slide_view`,`id_slide`,`created_at`,`updated_at`) values (4,33,'2019-09-05 11:41:37',NULL),(5,33,'2019-09-05 11:41:42',NULL),(6,33,'2019-09-05 11:41:46',NULL),(7,31,'2019-09-05 11:41:54',NULL),(8,31,'2019-09-05 15:10:43',NULL);

/*Table structure for table `s_website_view` */

DROP TABLE IF EXISTS `s_website_view`;

CREATE TABLE `s_website_view` (
  `id_website_view` int(10) NOT NULL AUTO_INCREMENT,
  `country` varchar(255) DEFAULT NULL,
  `country_code` varchar(255) DEFAULT NULL,
  `state` varchar(255) DEFAULT NULL,
  `city` varchar(255) DEFAULT NULL,
  `ip_address` varchar(255) DEFAULT NULL,
  `created_at` datetime DEFAULT NULL,
  `updated_at` datetime DEFAULT NULL,
  PRIMARY KEY (`id_website_view`)
) ENGINE=InnoDB AUTO_INCREMENT=1867 DEFAULT CHARSET=latin1;

/*Data for the table `s_website_view` */

insert  into `s_website_view`(`id_website_view`,`country`,`country_code`,`state`,`city`,`ip_address`,`created_at`,`updated_at`) values (1,NULL,NULL,NULL,NULL,NULL,'2019-08-18 20:55:48',NULL),(2,NULL,NULL,NULL,NULL,NULL,'2019-08-18 20:56:16',NULL),(3,NULL,NULL,NULL,NULL,NULL,'2019-08-18 20:57:53',NULL),(4,NULL,NULL,NULL,NULL,NULL,'2019-08-18 20:58:04',NULL),(5,NULL,NULL,NULL,NULL,NULL,'2019-08-18 20:58:16',NULL),(6,NULL,NULL,NULL,NULL,NULL,'2019-08-18 20:58:25',NULL),(7,NULL,NULL,NULL,NULL,NULL,'2019-08-18 21:19:20',NULL),(8,NULL,NULL,NULL,NULL,NULL,'2019-08-18 21:20:04',NULL),(9,NULL,NULL,NULL,NULL,NULL,'2019-08-18 21:23:42',NULL),(10,NULL,NULL,NULL,NULL,NULL,'2019-08-18 21:30:12',NULL),(11,NULL,NULL,NULL,NULL,NULL,'2019-08-18 21:30:13',NULL),(12,NULL,NULL,NULL,NULL,NULL,'2019-08-18 21:34:46',NULL),(13,NULL,NULL,NULL,NULL,NULL,'2019-08-18 21:35:13',NULL),(14,NULL,NULL,NULL,NULL,NULL,'2019-08-18 22:06:08',NULL),(15,NULL,NULL,NULL,NULL,NULL,'2019-08-18 22:06:19',NULL),(16,NULL,NULL,NULL,NULL,NULL,'2019-08-18 22:09:13',NULL),(17,NULL,NULL,NULL,NULL,NULL,'2019-08-18 22:09:34',NULL),(18,NULL,NULL,NULL,NULL,NULL,'2019-08-18 22:09:37',NULL),(19,NULL,NULL,NULL,NULL,NULL,'2019-08-18 22:09:39',NULL),(20,NULL,NULL,NULL,NULL,NULL,'2019-08-18 22:36:19',NULL),(21,NULL,NULL,NULL,NULL,NULL,'2019-08-18 22:36:34',NULL),(22,NULL,NULL,NULL,NULL,NULL,'2019-08-18 22:37:27',NULL),(23,NULL,NULL,NULL,NULL,NULL,'2019-08-18 22:38:05',NULL),(24,NULL,NULL,NULL,NULL,NULL,'2019-08-19 08:47:18',NULL),(25,NULL,NULL,NULL,NULL,NULL,'2019-08-19 08:48:00',NULL),(26,NULL,NULL,NULL,NULL,NULL,'2019-08-19 08:48:40',NULL),(27,NULL,NULL,NULL,NULL,NULL,'2019-08-19 08:49:39',NULL),(28,NULL,NULL,NULL,NULL,NULL,'2019-08-19 08:50:19',NULL),(29,NULL,NULL,NULL,NULL,NULL,'2019-08-19 08:53:10',NULL),(30,NULL,NULL,NULL,NULL,NULL,'2019-08-19 09:07:37',NULL),(31,NULL,NULL,NULL,NULL,NULL,'2019-08-19 10:12:28',NULL),(32,NULL,NULL,NULL,NULL,NULL,'2019-08-19 20:41:19',NULL),(33,NULL,NULL,NULL,NULL,NULL,'2019-08-19 20:41:48',NULL),(34,NULL,NULL,NULL,NULL,NULL,'2019-08-19 20:42:07',NULL),(35,NULL,NULL,NULL,NULL,NULL,'2019-08-19 23:00:35',NULL),(36,NULL,NULL,NULL,NULL,NULL,'2019-08-20 09:39:51',NULL),(37,NULL,NULL,NULL,NULL,NULL,'2019-08-20 09:53:46',NULL),(38,NULL,NULL,NULL,NULL,NULL,'2019-08-20 23:36:42',NULL),(39,NULL,NULL,NULL,NULL,NULL,'2019-08-20 23:52:19',NULL),(40,NULL,NULL,NULL,NULL,NULL,'2019-08-20 23:53:19',NULL),(41,NULL,NULL,NULL,NULL,NULL,'2019-08-21 00:26:03',NULL),(42,NULL,NULL,NULL,NULL,NULL,'2019-08-21 07:06:20',NULL),(43,NULL,NULL,NULL,NULL,NULL,'2019-08-21 07:06:45',NULL),(44,NULL,NULL,NULL,NULL,NULL,'2019-08-21 07:06:48',NULL),(45,NULL,NULL,NULL,NULL,NULL,'2019-08-21 09:51:30',NULL),(46,NULL,NULL,NULL,NULL,NULL,'2019-08-21 09:51:38',NULL),(47,NULL,NULL,NULL,NULL,NULL,'2019-08-21 09:51:42',NULL),(48,NULL,NULL,NULL,NULL,NULL,'2019-08-21 09:52:21',NULL),(49,NULL,NULL,NULL,NULL,NULL,'2019-08-21 10:53:26',NULL),(50,NULL,NULL,NULL,NULL,NULL,'2019-08-21 10:55:48',NULL),(51,NULL,NULL,NULL,NULL,NULL,'2019-08-21 10:56:52',NULL),(52,NULL,NULL,NULL,NULL,NULL,'2019-08-21 10:56:58',NULL),(53,NULL,NULL,NULL,NULL,NULL,'2019-08-21 10:57:22',NULL),(54,NULL,NULL,NULL,NULL,NULL,'2019-08-21 10:57:29',NULL),(55,NULL,NULL,NULL,NULL,NULL,'2019-08-21 10:57:42',NULL),(56,NULL,NULL,NULL,NULL,NULL,'2019-08-21 10:57:52',NULL),(57,NULL,NULL,NULL,NULL,NULL,'2019-08-21 10:58:09',NULL),(58,NULL,NULL,NULL,NULL,NULL,'2019-08-21 10:58:13',NULL),(59,NULL,NULL,NULL,NULL,NULL,'2019-08-21 10:59:48',NULL),(60,NULL,NULL,NULL,NULL,NULL,'2019-08-21 11:10:01',NULL),(61,NULL,NULL,NULL,NULL,NULL,'2019-08-21 11:14:29',NULL),(62,NULL,NULL,NULL,NULL,NULL,'2019-08-21 11:22:24',NULL),(63,NULL,NULL,NULL,NULL,NULL,'2019-08-21 11:30:18',NULL),(64,NULL,NULL,NULL,NULL,NULL,'2019-08-21 11:33:31',NULL),(65,NULL,NULL,NULL,NULL,NULL,'2019-08-21 11:44:46',NULL),(66,NULL,NULL,NULL,NULL,NULL,'2019-08-21 12:31:38',NULL),(67,NULL,NULL,NULL,NULL,NULL,'2019-08-21 12:33:35',NULL),(68,NULL,NULL,NULL,NULL,NULL,'2019-08-21 13:21:09',NULL),(69,NULL,NULL,NULL,NULL,NULL,'2019-08-21 13:21:56',NULL),(70,NULL,NULL,NULL,NULL,NULL,'2019-08-21 13:51:05',NULL),(71,NULL,NULL,NULL,NULL,NULL,'2019-08-21 13:52:04',NULL),(72,NULL,NULL,NULL,NULL,NULL,'2019-08-21 13:54:32',NULL),(73,NULL,NULL,NULL,NULL,NULL,'2019-08-21 14:00:02',NULL),(74,NULL,NULL,NULL,NULL,NULL,'2019-08-21 14:00:52',NULL),(75,NULL,NULL,NULL,NULL,NULL,'2019-08-21 14:21:15',NULL),(76,NULL,NULL,NULL,NULL,NULL,'2019-08-21 14:21:54',NULL),(77,NULL,NULL,NULL,NULL,NULL,'2019-08-21 14:28:52',NULL),(78,NULL,NULL,NULL,NULL,NULL,'2019-08-21 14:29:44',NULL),(79,NULL,NULL,NULL,NULL,NULL,'2019-08-21 14:31:12',NULL),(80,NULL,NULL,NULL,NULL,NULL,'2019-08-21 14:33:54',NULL),(81,NULL,NULL,NULL,NULL,NULL,'2019-08-21 15:50:14',NULL),(82,NULL,NULL,NULL,NULL,NULL,'2019-08-21 15:54:10',NULL),(83,NULL,NULL,NULL,NULL,NULL,'2019-08-21 16:47:25',NULL),(84,NULL,NULL,NULL,NULL,NULL,'2019-08-21 17:42:06',NULL),(85,NULL,NULL,NULL,NULL,NULL,'2019-08-21 17:42:06',NULL),(86,NULL,NULL,NULL,NULL,NULL,'2019-08-21 17:42:47',NULL),(87,NULL,NULL,NULL,NULL,NULL,'2019-08-21 17:49:22',NULL),(88,NULL,NULL,NULL,NULL,NULL,'2019-08-21 17:50:07',NULL),(89,NULL,NULL,NULL,NULL,NULL,'2019-08-21 21:22:39',NULL),(90,NULL,NULL,NULL,NULL,NULL,'2019-08-21 21:48:08',NULL),(91,NULL,NULL,NULL,NULL,NULL,'2019-08-21 21:57:45',NULL),(92,NULL,NULL,NULL,NULL,NULL,'2019-08-22 09:56:57',NULL),(93,NULL,NULL,NULL,NULL,NULL,'2019-08-22 09:58:26',NULL),(94,NULL,NULL,NULL,NULL,NULL,'2019-08-22 10:59:53',NULL),(95,NULL,NULL,NULL,NULL,NULL,'2019-08-22 15:51:26',NULL),(96,NULL,NULL,NULL,NULL,NULL,'2019-08-22 17:50:18',NULL),(97,NULL,NULL,NULL,NULL,NULL,'2019-08-22 17:50:30',NULL),(98,NULL,NULL,NULL,NULL,NULL,'2019-08-22 21:15:13',NULL),(99,NULL,NULL,NULL,NULL,NULL,'2019-08-22 21:15:13',NULL),(100,NULL,NULL,NULL,NULL,NULL,'2019-08-22 21:40:26',NULL),(101,NULL,NULL,NULL,NULL,NULL,'2019-08-23 09:35:15',NULL),(102,NULL,NULL,NULL,NULL,NULL,'2019-08-23 09:35:55',NULL),(103,NULL,NULL,NULL,NULL,NULL,'2019-08-23 09:37:07',NULL),(104,NULL,NULL,NULL,NULL,NULL,'2019-08-23 10:07:31',NULL),(105,NULL,NULL,NULL,NULL,NULL,'2019-08-23 10:08:10',NULL),(106,NULL,NULL,NULL,NULL,NULL,'2019-08-23 10:08:17',NULL),(107,NULL,NULL,NULL,NULL,NULL,'2019-08-23 10:09:28',NULL),(108,NULL,NULL,NULL,NULL,NULL,'2019-08-23 10:11:00',NULL),(109,NULL,NULL,NULL,NULL,NULL,'2019-08-23 10:12:29',NULL),(110,NULL,NULL,NULL,NULL,NULL,'2019-08-23 10:12:38',NULL),(111,NULL,NULL,NULL,NULL,NULL,'2019-08-23 10:13:03',NULL),(112,NULL,NULL,NULL,NULL,NULL,'2019-08-23 10:13:08',NULL),(113,NULL,NULL,NULL,NULL,NULL,'2019-08-23 10:14:32',NULL),(114,NULL,NULL,NULL,NULL,NULL,'2019-08-23 10:14:53',NULL),(115,NULL,NULL,NULL,NULL,NULL,'2019-08-23 10:15:13',NULL),(116,NULL,NULL,NULL,NULL,NULL,'2019-08-23 10:15:26',NULL),(117,NULL,NULL,NULL,NULL,NULL,'2019-08-23 10:15:33',NULL),(118,NULL,NULL,NULL,NULL,NULL,'2019-08-23 12:38:23',NULL),(119,NULL,NULL,NULL,NULL,NULL,'2019-08-23 12:39:11',NULL),(120,NULL,NULL,NULL,NULL,NULL,'2019-08-23 12:39:25',NULL),(121,NULL,NULL,NULL,NULL,NULL,'2019-08-23 13:05:45',NULL),(122,NULL,NULL,NULL,NULL,NULL,'2019-08-23 14:55:36',NULL),(123,NULL,NULL,NULL,NULL,NULL,'2019-08-23 14:56:18',NULL),(124,NULL,NULL,NULL,NULL,NULL,'2019-08-23 16:52:40',NULL),(125,NULL,NULL,NULL,NULL,NULL,'2019-08-23 16:55:46',NULL),(126,NULL,NULL,NULL,NULL,NULL,'2019-08-23 23:29:35',NULL),(127,NULL,NULL,NULL,NULL,NULL,'2019-08-23 23:30:52',NULL),(128,NULL,NULL,NULL,NULL,NULL,'2019-08-23 23:30:52',NULL),(129,NULL,NULL,NULL,NULL,NULL,'2019-08-23 23:31:11',NULL),(130,NULL,NULL,NULL,NULL,NULL,'2019-08-23 23:32:42',NULL),(131,NULL,NULL,NULL,NULL,NULL,'2019-08-23 23:34:38',NULL),(132,NULL,NULL,NULL,NULL,NULL,'2019-08-23 23:34:55',NULL),(133,NULL,NULL,NULL,NULL,NULL,'2019-08-23 23:34:56',NULL),(134,NULL,NULL,NULL,NULL,NULL,'2019-08-23 23:34:57',NULL),(135,NULL,NULL,NULL,NULL,NULL,'2019-08-23 23:55:17',NULL),(136,NULL,NULL,NULL,NULL,NULL,'2019-08-24 11:18:08',NULL),(137,NULL,NULL,NULL,NULL,NULL,'2019-08-24 11:18:17',NULL),(138,NULL,NULL,NULL,NULL,NULL,'2019-08-24 11:20:30',NULL),(139,NULL,NULL,NULL,NULL,NULL,'2019-08-24 11:20:30',NULL),(140,NULL,NULL,NULL,NULL,NULL,'2019-08-24 11:20:44',NULL),(141,NULL,NULL,NULL,NULL,NULL,'2019-08-24 11:21:12',NULL),(142,NULL,NULL,NULL,NULL,NULL,'2019-08-24 11:22:51',NULL),(143,NULL,NULL,NULL,NULL,NULL,'2019-08-24 11:24:42',NULL),(144,NULL,NULL,NULL,NULL,NULL,'2019-08-24 11:25:38',NULL),(145,NULL,NULL,NULL,NULL,NULL,'2019-08-24 11:27:23',NULL),(146,NULL,NULL,NULL,NULL,NULL,'2019-08-24 11:27:30',NULL),(147,NULL,NULL,NULL,NULL,NULL,'2019-08-24 11:28:11',NULL),(148,NULL,NULL,NULL,NULL,NULL,'2019-08-24 11:29:46',NULL),(149,NULL,NULL,NULL,NULL,NULL,'2019-08-24 11:30:12',NULL),(150,NULL,NULL,NULL,NULL,NULL,'2019-08-24 11:30:15',NULL),(151,NULL,NULL,NULL,NULL,NULL,'2019-08-24 11:58:53',NULL),(152,NULL,NULL,NULL,NULL,NULL,'2019-08-24 11:59:30',NULL),(153,NULL,NULL,NULL,NULL,NULL,'2019-08-24 12:01:41',NULL),(154,NULL,NULL,NULL,NULL,NULL,'2019-08-24 12:31:30',NULL),(155,NULL,NULL,NULL,NULL,NULL,'2019-08-24 14:52:18',NULL),(156,NULL,NULL,NULL,NULL,NULL,'2019-08-24 18:04:57',NULL),(157,NULL,NULL,NULL,NULL,NULL,'2019-08-24 18:05:55',NULL),(158,NULL,NULL,NULL,NULL,NULL,'2019-08-24 18:08:10',NULL),(159,NULL,NULL,NULL,NULL,NULL,'2019-08-24 21:16:41',NULL),(160,NULL,NULL,NULL,NULL,NULL,'2019-08-25 17:12:06',NULL),(161,NULL,NULL,NULL,NULL,NULL,'2019-08-25 17:12:24',NULL),(162,NULL,NULL,NULL,NULL,NULL,'2019-08-25 17:12:26',NULL),(163,NULL,NULL,NULL,NULL,NULL,'2019-08-25 17:12:26',NULL),(164,NULL,NULL,NULL,NULL,NULL,'2019-08-25 17:12:30',NULL),(165,NULL,NULL,NULL,NULL,NULL,'2019-08-26 10:04:00',NULL),(166,NULL,NULL,NULL,NULL,NULL,'2019-08-26 10:21:26',NULL),(167,NULL,NULL,NULL,NULL,NULL,'2019-08-26 10:26:35',NULL),(168,NULL,NULL,NULL,NULL,NULL,'2019-08-26 11:34:30',NULL),(169,NULL,NULL,NULL,NULL,NULL,'2019-08-26 13:32:07',NULL),(170,NULL,NULL,NULL,NULL,NULL,'2019-08-26 13:38:28',NULL),(171,NULL,NULL,NULL,NULL,NULL,'2019-08-26 13:55:16',NULL),(172,NULL,NULL,NULL,NULL,NULL,'2019-08-26 14:26:28',NULL),(173,NULL,NULL,NULL,NULL,NULL,'2019-08-27 18:18:27',NULL),(174,NULL,NULL,NULL,NULL,NULL,'2019-08-27 18:40:06',NULL),(175,NULL,NULL,NULL,NULL,NULL,'2019-08-27 20:36:19',NULL),(176,NULL,NULL,NULL,NULL,NULL,'2019-08-27 20:36:19',NULL),(177,NULL,NULL,NULL,NULL,NULL,'2019-08-27 20:36:58',NULL),(178,NULL,NULL,NULL,NULL,NULL,'2019-08-27 20:37:17',NULL),(179,NULL,NULL,NULL,NULL,NULL,'2019-08-27 20:38:11',NULL),(180,NULL,NULL,NULL,NULL,NULL,'2019-08-27 20:38:50',NULL),(181,NULL,NULL,NULL,NULL,NULL,'2019-08-27 20:40:42',NULL),(182,NULL,NULL,NULL,NULL,NULL,'2019-08-27 20:41:24',NULL),(183,NULL,NULL,NULL,NULL,NULL,'2019-08-27 20:41:35',NULL),(184,NULL,NULL,NULL,NULL,NULL,'2019-08-27 20:42:15',NULL),(185,NULL,NULL,NULL,NULL,NULL,'2019-08-27 20:42:31',NULL),(186,NULL,NULL,NULL,NULL,NULL,'2019-08-27 20:43:20',NULL),(187,NULL,NULL,NULL,NULL,NULL,'2019-08-27 20:43:20',NULL),(188,NULL,NULL,NULL,NULL,NULL,'2019-08-27 20:43:48',NULL),(189,NULL,NULL,NULL,NULL,NULL,'2019-08-27 20:43:59',NULL),(190,NULL,NULL,NULL,NULL,NULL,'2019-08-27 20:49:30',NULL),(191,NULL,NULL,NULL,NULL,NULL,'2019-08-27 20:57:53',NULL),(192,NULL,NULL,NULL,NULL,NULL,'2019-08-27 21:15:17',NULL),(193,NULL,NULL,NULL,NULL,NULL,'2019-08-27 21:40:48',NULL),(194,NULL,NULL,NULL,NULL,NULL,'2019-08-27 21:43:29',NULL),(195,NULL,NULL,NULL,NULL,NULL,'2019-08-27 21:58:42',NULL),(196,NULL,NULL,NULL,NULL,NULL,'2019-08-28 01:02:27',NULL),(197,NULL,NULL,NULL,NULL,NULL,'2019-08-28 07:04:36',NULL),(198,NULL,NULL,NULL,NULL,NULL,'2019-08-28 07:07:41',NULL),(199,NULL,NULL,NULL,NULL,NULL,'2019-08-28 07:09:08',NULL),(200,NULL,NULL,NULL,NULL,NULL,'2019-08-28 07:09:09',NULL),(201,NULL,NULL,NULL,NULL,NULL,'2019-08-28 07:09:10',NULL),(202,NULL,NULL,NULL,NULL,NULL,'2019-08-28 07:09:12',NULL),(203,NULL,NULL,NULL,NULL,NULL,'2019-08-28 07:10:34',NULL),(204,NULL,NULL,NULL,NULL,NULL,'2019-08-28 07:11:03',NULL),(205,NULL,NULL,NULL,NULL,NULL,'2019-08-28 07:26:40',NULL),(206,NULL,NULL,NULL,NULL,NULL,'2019-08-28 07:43:23',NULL),(207,NULL,NULL,NULL,NULL,NULL,'2019-08-28 07:44:57',NULL),(208,NULL,NULL,NULL,NULL,NULL,'2019-08-28 07:45:26',NULL),(209,NULL,NULL,NULL,NULL,NULL,'2019-08-28 07:45:45',NULL),(210,NULL,NULL,NULL,NULL,NULL,'2019-08-28 08:23:46',NULL),(211,NULL,NULL,NULL,NULL,NULL,'2019-08-28 08:24:19',NULL),(212,NULL,NULL,NULL,NULL,NULL,'2019-08-28 10:06:49',NULL),(213,NULL,NULL,NULL,NULL,NULL,'2019-08-28 10:19:44',NULL),(214,NULL,NULL,NULL,NULL,NULL,'2019-08-28 10:24:43',NULL),(215,NULL,NULL,NULL,NULL,NULL,'2019-08-28 10:45:14',NULL),(216,NULL,NULL,NULL,NULL,NULL,'2019-08-28 10:49:40',NULL),(217,NULL,NULL,NULL,NULL,NULL,'2019-08-28 11:06:20',NULL),(218,NULL,NULL,NULL,NULL,NULL,'2019-08-28 11:17:50',NULL),(219,NULL,NULL,NULL,NULL,NULL,'2019-08-28 11:42:37',NULL),(220,NULL,NULL,NULL,NULL,NULL,'2019-08-28 11:44:21',NULL),(221,NULL,NULL,NULL,NULL,NULL,'2019-08-28 11:44:22',NULL),(222,NULL,NULL,NULL,NULL,NULL,'2019-08-28 14:26:53',NULL),(223,NULL,NULL,NULL,NULL,NULL,'2019-08-28 17:32:52',NULL),(224,NULL,NULL,NULL,NULL,NULL,'2019-08-28 17:34:23',NULL),(225,NULL,NULL,NULL,NULL,NULL,'2019-08-28 17:52:09',NULL),(226,NULL,NULL,NULL,NULL,NULL,'2019-08-28 17:54:09',NULL),(227,NULL,NULL,NULL,NULL,NULL,'2019-08-28 17:56:59',NULL),(228,NULL,NULL,NULL,NULL,NULL,'2019-08-28 17:57:47',NULL),(229,NULL,NULL,NULL,NULL,NULL,'2019-08-28 18:19:40',NULL),(230,NULL,NULL,NULL,NULL,NULL,'2019-08-28 18:19:40',NULL),(231,NULL,NULL,NULL,NULL,NULL,'2019-08-28 18:20:15',NULL),(232,NULL,NULL,NULL,NULL,NULL,'2019-08-28 19:34:18',NULL),(233,NULL,NULL,NULL,NULL,NULL,'2019-08-28 19:37:56',NULL),(234,NULL,NULL,NULL,NULL,NULL,'2019-08-28 19:54:41',NULL),(235,NULL,NULL,NULL,NULL,NULL,'2019-08-28 19:54:42',NULL),(236,NULL,NULL,NULL,NULL,NULL,'2019-08-28 19:55:17',NULL),(237,NULL,NULL,NULL,NULL,NULL,'2019-08-28 19:55:18',NULL),(238,NULL,NULL,NULL,NULL,NULL,'2019-08-28 19:58:59',NULL),(239,NULL,NULL,NULL,NULL,NULL,'2019-08-28 20:08:45',NULL),(240,NULL,NULL,NULL,NULL,NULL,'2019-08-28 20:09:06',NULL),(241,NULL,NULL,NULL,NULL,NULL,'2019-08-28 20:26:51',NULL),(242,NULL,NULL,NULL,NULL,NULL,'2019-08-28 21:32:29',NULL),(243,NULL,NULL,NULL,NULL,NULL,'2019-08-28 22:04:42',NULL),(244,NULL,NULL,NULL,NULL,NULL,'2019-08-28 22:04:43',NULL),(245,NULL,NULL,NULL,NULL,NULL,'2019-08-28 22:07:35',NULL),(246,NULL,NULL,NULL,NULL,NULL,'2019-08-28 22:09:39',NULL),(247,NULL,NULL,NULL,NULL,NULL,'2019-08-28 22:10:03',NULL),(248,NULL,NULL,NULL,NULL,NULL,'2019-08-28 22:11:11',NULL),(249,NULL,NULL,NULL,NULL,NULL,'2019-08-28 22:11:17',NULL),(250,NULL,NULL,NULL,NULL,NULL,'2019-08-29 00:18:46',NULL),(251,NULL,NULL,NULL,NULL,NULL,'2019-08-29 09:56:48',NULL),(252,NULL,NULL,NULL,NULL,NULL,'2019-08-29 10:31:45',NULL),(253,NULL,NULL,NULL,NULL,NULL,'2019-08-29 11:22:20',NULL),(254,NULL,NULL,NULL,NULL,NULL,'2019-08-29 13:57:14',NULL),(255,NULL,NULL,NULL,NULL,NULL,'2019-08-29 14:41:22',NULL),(256,NULL,NULL,NULL,NULL,NULL,'2019-08-29 15:30:08',NULL),(257,NULL,NULL,NULL,NULL,NULL,'2019-08-29 15:31:59',NULL),(258,NULL,NULL,NULL,NULL,NULL,'2019-08-29 17:58:47',NULL),(259,NULL,NULL,NULL,NULL,NULL,'2019-08-29 18:01:34',NULL),(260,NULL,NULL,NULL,NULL,NULL,'2019-08-29 18:27:51',NULL),(261,NULL,NULL,NULL,NULL,NULL,'2019-08-29 21:45:22',NULL),(262,NULL,NULL,NULL,NULL,NULL,'2019-08-29 22:27:15',NULL),(263,NULL,NULL,NULL,NULL,NULL,'2019-08-30 05:43:49',NULL),(264,NULL,NULL,NULL,NULL,NULL,'2019-08-30 12:03:41',NULL),(265,NULL,NULL,NULL,NULL,NULL,'2019-08-30 12:15:00',NULL),(266,NULL,NULL,NULL,NULL,NULL,'2019-08-30 12:16:33',NULL),(267,NULL,NULL,NULL,NULL,NULL,'2019-08-30 12:22:24',NULL),(268,NULL,NULL,NULL,NULL,NULL,'2019-08-30 12:27:15',NULL),(269,NULL,NULL,NULL,NULL,NULL,'2019-08-30 14:17:29',NULL),(270,NULL,NULL,NULL,NULL,NULL,'2019-08-30 15:24:19',NULL),(271,NULL,NULL,NULL,NULL,NULL,'2019-08-30 16:43:54',NULL),(272,NULL,NULL,NULL,NULL,NULL,'2019-08-30 18:57:05',NULL),(273,NULL,NULL,NULL,NULL,NULL,'2019-08-30 19:06:34',NULL),(274,NULL,NULL,NULL,NULL,NULL,'2019-08-30 20:57:17',NULL),(275,NULL,NULL,NULL,NULL,NULL,'2019-08-30 22:53:52',NULL),(276,NULL,NULL,NULL,NULL,NULL,'2019-08-30 22:53:53',NULL),(277,NULL,NULL,NULL,NULL,NULL,'2019-08-30 23:36:08',NULL),(278,NULL,NULL,NULL,NULL,NULL,'2019-08-31 05:59:45',NULL),(279,NULL,NULL,NULL,NULL,NULL,'2019-08-31 08:46:20',NULL),(280,NULL,NULL,NULL,NULL,NULL,'2019-08-31 09:30:04',NULL),(281,NULL,NULL,NULL,NULL,NULL,'2019-08-31 12:20:05',NULL),(282,NULL,NULL,NULL,NULL,NULL,'2019-08-31 12:20:11',NULL),(283,NULL,NULL,NULL,NULL,NULL,'2019-08-31 12:21:56',NULL),(284,NULL,NULL,NULL,NULL,NULL,'2019-08-31 12:34:24',NULL),(285,NULL,NULL,NULL,NULL,NULL,'2019-08-31 12:36:08',NULL),(286,NULL,NULL,NULL,NULL,NULL,'2019-08-31 12:36:37',NULL),(287,NULL,NULL,NULL,NULL,NULL,'2019-08-31 13:20:30',NULL),(288,NULL,NULL,NULL,NULL,NULL,'2019-08-31 14:11:24',NULL),(289,NULL,NULL,NULL,NULL,NULL,'2019-08-31 14:11:24',NULL),(290,NULL,NULL,NULL,NULL,NULL,'2019-08-31 14:11:24',NULL),(291,NULL,NULL,NULL,NULL,NULL,'2019-08-31 14:11:25',NULL),(292,NULL,NULL,NULL,NULL,NULL,'2019-08-31 14:11:25',NULL),(293,NULL,NULL,NULL,NULL,NULL,'2019-08-31 14:11:25',NULL),(294,NULL,NULL,NULL,NULL,NULL,'2019-08-31 14:11:26',NULL),(295,NULL,NULL,NULL,NULL,NULL,'2019-08-31 15:43:49',NULL),(296,NULL,NULL,NULL,NULL,NULL,'2019-08-31 17:13:07',NULL),(297,NULL,NULL,NULL,NULL,NULL,'2019-08-31 17:13:16',NULL),(298,NULL,NULL,NULL,NULL,NULL,'2019-08-31 17:13:41',NULL),(299,NULL,NULL,NULL,NULL,NULL,'2019-08-31 17:13:43',NULL),(300,NULL,NULL,NULL,NULL,NULL,'2019-08-31 17:13:44',NULL),(301,NULL,NULL,NULL,NULL,NULL,'2019-08-31 17:13:44',NULL),(302,NULL,NULL,NULL,NULL,NULL,'2019-08-31 17:13:44',NULL),(303,NULL,NULL,NULL,NULL,NULL,'2019-08-31 17:13:47',NULL),(304,NULL,NULL,NULL,NULL,NULL,'2019-08-31 17:16:18',NULL),(305,NULL,NULL,NULL,NULL,NULL,'2019-08-31 17:16:35',NULL),(306,NULL,NULL,NULL,NULL,NULL,'2019-08-31 17:17:19',NULL),(307,NULL,NULL,NULL,NULL,NULL,'2019-08-31 17:17:46',NULL),(308,NULL,NULL,NULL,NULL,NULL,'2019-08-31 17:18:08',NULL),(309,NULL,NULL,NULL,NULL,NULL,'2019-08-31 17:18:27',NULL),(310,NULL,NULL,NULL,NULL,NULL,'2019-08-31 17:18:47',NULL),(311,NULL,NULL,NULL,NULL,NULL,'2019-08-31 17:19:05',NULL),(312,NULL,NULL,NULL,NULL,NULL,'2019-08-31 17:19:22',NULL),(313,NULL,NULL,NULL,NULL,NULL,'2019-08-31 17:19:39',NULL),(314,NULL,NULL,NULL,NULL,NULL,'2019-08-31 17:19:57',NULL),(315,NULL,NULL,NULL,NULL,NULL,'2019-08-31 17:20:18',NULL),(316,NULL,NULL,NULL,NULL,NULL,'2019-08-31 17:20:53',NULL),(317,NULL,NULL,NULL,NULL,NULL,'2019-08-31 17:22:09',NULL),(318,NULL,NULL,NULL,NULL,NULL,'2019-08-31 17:22:09',NULL),(319,NULL,NULL,NULL,NULL,NULL,'2019-08-31 17:22:09',NULL),(320,NULL,NULL,NULL,NULL,NULL,'2019-08-31 17:22:10',NULL),(321,NULL,NULL,NULL,NULL,NULL,'2019-08-31 17:22:10',NULL),(322,NULL,NULL,NULL,NULL,NULL,'2019-08-31 17:22:10',NULL),(323,NULL,NULL,NULL,NULL,NULL,'2019-08-31 17:22:10',NULL),(324,NULL,NULL,NULL,NULL,NULL,'2019-08-31 17:22:10',NULL),(325,NULL,NULL,NULL,NULL,NULL,'2019-08-31 17:22:10',NULL),(326,NULL,NULL,NULL,NULL,NULL,'2019-08-31 17:22:11',NULL),(327,NULL,NULL,NULL,NULL,NULL,'2019-08-31 17:22:11',NULL),(328,NULL,NULL,NULL,NULL,NULL,'2019-08-31 17:22:11',NULL),(329,NULL,NULL,NULL,NULL,NULL,'2019-08-31 17:22:11',NULL),(330,NULL,NULL,NULL,NULL,NULL,'2019-08-31 17:22:14',NULL),(331,NULL,NULL,NULL,NULL,NULL,'2019-08-31 19:07:29',NULL),(332,NULL,NULL,NULL,NULL,NULL,'2019-08-31 19:15:28',NULL),(333,NULL,NULL,NULL,NULL,NULL,'2019-08-31 19:52:33',NULL),(334,NULL,NULL,NULL,NULL,NULL,'2019-08-31 19:57:05',NULL),(335,NULL,NULL,NULL,NULL,NULL,'2019-08-31 19:59:11',NULL),(336,NULL,NULL,NULL,NULL,NULL,'2019-08-31 19:59:11',NULL),(337,NULL,NULL,NULL,NULL,NULL,'2019-08-31 20:02:00',NULL),(338,NULL,NULL,NULL,NULL,NULL,'2019-08-31 20:02:00',NULL),(339,NULL,NULL,NULL,NULL,NULL,'2019-08-31 20:04:18',NULL),(340,NULL,NULL,NULL,NULL,NULL,'2019-08-31 20:04:25',NULL),(341,NULL,NULL,NULL,NULL,NULL,'2019-08-31 20:06:15',NULL),(342,NULL,NULL,NULL,NULL,NULL,'2019-08-31 20:06:38',NULL),(343,NULL,NULL,NULL,NULL,NULL,'2019-08-31 20:06:53',NULL),(344,NULL,NULL,NULL,NULL,NULL,'2019-08-31 20:08:21',NULL),(345,NULL,NULL,NULL,NULL,NULL,'2019-08-31 20:08:25',NULL),(346,NULL,NULL,NULL,NULL,NULL,'2019-08-31 20:08:51',NULL),(347,NULL,NULL,NULL,NULL,NULL,'2019-08-31 20:09:06',NULL),(348,NULL,NULL,NULL,NULL,NULL,'2019-08-31 20:09:17',NULL),(349,NULL,NULL,NULL,NULL,NULL,'2019-08-31 20:09:17',NULL),(350,NULL,NULL,NULL,NULL,NULL,'2019-08-31 20:09:31',NULL),(351,NULL,NULL,NULL,NULL,NULL,'2019-08-31 20:09:44',NULL),(352,NULL,NULL,NULL,NULL,NULL,'2019-08-31 20:10:38',NULL),(353,NULL,NULL,NULL,NULL,NULL,'2019-08-31 20:10:46',NULL),(354,NULL,NULL,NULL,NULL,NULL,'2019-08-31 20:11:13',NULL),(355,NULL,NULL,NULL,NULL,NULL,'2019-08-31 20:14:27',NULL),(356,NULL,NULL,NULL,NULL,NULL,'2019-08-31 20:17:38',NULL),(357,NULL,NULL,NULL,NULL,NULL,'2019-08-31 20:19:10',NULL),(358,NULL,NULL,NULL,NULL,NULL,'2019-08-31 20:22:46',NULL),(359,NULL,NULL,NULL,NULL,NULL,'2019-08-31 20:23:15',NULL),(360,NULL,NULL,NULL,NULL,NULL,'2019-08-31 20:24:08',NULL),(361,NULL,NULL,NULL,NULL,NULL,'2019-08-31 20:25:10',NULL),(362,NULL,NULL,NULL,NULL,NULL,'2019-08-31 20:27:52',NULL),(363,NULL,NULL,NULL,NULL,NULL,'2019-08-31 20:27:52',NULL),(364,NULL,NULL,NULL,NULL,NULL,'2019-08-31 20:27:52',NULL),(365,NULL,NULL,NULL,NULL,NULL,'2019-08-31 20:27:52',NULL),(366,NULL,NULL,NULL,NULL,NULL,'2019-08-31 20:27:56',NULL),(367,NULL,NULL,NULL,NULL,NULL,'2019-08-31 20:27:57',NULL),(368,NULL,NULL,NULL,NULL,NULL,'2019-08-31 20:28:11',NULL),(369,NULL,NULL,NULL,NULL,NULL,'2019-08-31 20:28:13',NULL),(370,NULL,NULL,NULL,NULL,NULL,'2019-08-31 20:29:27',NULL),(371,NULL,NULL,NULL,NULL,NULL,'2019-08-31 20:29:41',NULL),(372,NULL,NULL,NULL,NULL,NULL,'2019-08-31 20:45:27',NULL),(373,NULL,NULL,NULL,NULL,NULL,'2019-08-31 20:50:35',NULL),(374,NULL,NULL,NULL,NULL,NULL,'2019-08-31 20:50:40',NULL),(375,NULL,NULL,NULL,NULL,NULL,'2019-08-31 20:50:48',NULL),(376,NULL,NULL,NULL,NULL,NULL,'2019-08-31 20:51:02',NULL),(377,NULL,NULL,NULL,NULL,NULL,'2019-08-31 21:12:09',NULL),(378,NULL,NULL,NULL,NULL,NULL,'2019-08-31 21:13:01',NULL),(379,NULL,NULL,NULL,NULL,NULL,'2019-08-31 21:14:48',NULL),(380,NULL,NULL,NULL,NULL,NULL,'2019-08-31 21:14:48',NULL),(381,NULL,NULL,NULL,NULL,NULL,'2019-08-31 21:15:13',NULL),(382,NULL,NULL,NULL,NULL,NULL,'2019-08-31 21:16:23',NULL),(383,NULL,NULL,NULL,NULL,NULL,'2019-08-31 22:04:53',NULL),(384,NULL,NULL,NULL,NULL,NULL,'2019-08-31 22:33:40',NULL),(385,NULL,NULL,NULL,NULL,NULL,'2019-08-31 22:34:23',NULL),(386,NULL,NULL,NULL,NULL,NULL,'2019-08-31 23:04:46',NULL),(387,NULL,NULL,NULL,NULL,NULL,'2019-08-31 23:07:21',NULL),(388,NULL,NULL,NULL,NULL,NULL,'2019-08-31 23:10:55',NULL),(389,NULL,NULL,NULL,NULL,NULL,'2019-08-31 23:12:34',NULL),(390,NULL,NULL,NULL,NULL,NULL,'2019-08-31 23:16:44',NULL),(391,NULL,NULL,NULL,NULL,NULL,'2019-08-31 23:16:54',NULL),(392,NULL,NULL,NULL,NULL,NULL,'2019-08-31 23:30:17',NULL),(393,NULL,NULL,NULL,NULL,NULL,'2019-08-31 23:41:10',NULL),(394,NULL,NULL,NULL,NULL,NULL,'2019-08-31 23:41:57',NULL),(395,NULL,NULL,NULL,NULL,NULL,'2019-08-31 23:42:26',NULL),(396,NULL,NULL,NULL,NULL,NULL,'2019-08-31 23:42:37',NULL),(397,NULL,NULL,NULL,NULL,NULL,'2019-08-31 23:42:46',NULL),(398,NULL,NULL,NULL,NULL,NULL,'2019-08-31 23:42:55',NULL),(399,NULL,NULL,NULL,NULL,NULL,'2019-08-31 23:43:07',NULL),(400,NULL,NULL,NULL,NULL,NULL,'2019-08-31 23:48:31',NULL),(401,NULL,NULL,NULL,NULL,NULL,'2019-09-01 00:14:11',NULL),(402,NULL,NULL,NULL,NULL,NULL,'2019-09-01 05:10:16',NULL),(403,NULL,NULL,NULL,NULL,NULL,'2019-09-01 05:10:53',NULL),(404,NULL,NULL,NULL,NULL,NULL,'2019-09-01 05:10:53',NULL),(405,NULL,NULL,NULL,NULL,NULL,'2019-09-01 05:11:15',NULL),(406,NULL,NULL,NULL,NULL,NULL,'2019-09-01 05:11:41',NULL),(407,NULL,NULL,NULL,NULL,NULL,'2019-09-01 05:13:18',NULL),(408,NULL,NULL,NULL,NULL,NULL,'2019-09-01 05:17:01',NULL),(409,NULL,NULL,NULL,NULL,NULL,'2019-09-01 05:23:36',NULL),(410,NULL,NULL,NULL,NULL,NULL,'2019-09-01 05:36:46',NULL),(411,NULL,NULL,NULL,NULL,NULL,'2019-09-01 05:39:15',NULL),(412,NULL,NULL,NULL,NULL,NULL,'2019-09-01 05:46:48',NULL),(413,NULL,NULL,NULL,NULL,NULL,'2019-09-01 05:46:53',NULL),(414,NULL,NULL,NULL,NULL,NULL,'2019-09-01 05:47:05',NULL),(415,NULL,NULL,NULL,NULL,NULL,'2019-09-01 05:47:44',NULL),(416,NULL,NULL,NULL,NULL,NULL,'2019-09-01 05:48:08',NULL),(417,NULL,NULL,NULL,NULL,NULL,'2019-09-01 05:48:57',NULL),(418,NULL,NULL,NULL,NULL,NULL,'2019-09-01 05:51:34',NULL),(419,NULL,NULL,NULL,NULL,NULL,'2019-09-01 05:52:06',NULL),(420,NULL,NULL,NULL,NULL,NULL,'2019-09-01 05:52:07',NULL),(421,NULL,NULL,NULL,NULL,NULL,'2019-09-01 05:54:37',NULL),(422,NULL,NULL,NULL,NULL,NULL,'2019-09-01 05:55:11',NULL),(423,NULL,NULL,NULL,NULL,NULL,'2019-09-01 05:55:33',NULL),(424,NULL,NULL,NULL,NULL,NULL,'2019-09-01 05:56:09',NULL),(425,NULL,NULL,NULL,NULL,NULL,'2019-09-01 05:57:06',NULL),(426,NULL,NULL,NULL,NULL,NULL,'2019-09-01 05:59:18',NULL),(427,NULL,NULL,NULL,NULL,NULL,'2019-09-01 05:59:50',NULL),(428,NULL,NULL,NULL,NULL,NULL,'2019-09-01 06:01:04',NULL),(429,NULL,NULL,NULL,NULL,NULL,'2019-09-01 06:03:15',NULL),(430,NULL,NULL,NULL,NULL,NULL,'2019-09-01 06:03:17',NULL),(431,NULL,NULL,NULL,NULL,NULL,'2019-09-01 06:05:32',NULL),(432,NULL,NULL,NULL,NULL,NULL,'2019-09-01 06:32:28',NULL),(433,NULL,NULL,NULL,NULL,NULL,'2019-09-01 06:37:22',NULL),(434,NULL,NULL,NULL,NULL,NULL,'2019-09-01 06:47:56',NULL),(435,NULL,NULL,NULL,NULL,NULL,'2019-09-01 06:53:39',NULL),(436,NULL,NULL,NULL,NULL,NULL,'2019-09-01 06:55:09',NULL),(437,NULL,NULL,NULL,NULL,NULL,'2019-09-01 06:56:14',NULL),(438,NULL,NULL,NULL,NULL,NULL,'2019-09-01 06:57:13',NULL),(439,NULL,NULL,NULL,NULL,NULL,'2019-09-01 06:59:14',NULL),(440,NULL,NULL,NULL,NULL,NULL,'2019-09-01 06:59:24',NULL),(441,NULL,NULL,NULL,NULL,NULL,'2019-09-01 06:59:24',NULL),(442,NULL,NULL,NULL,NULL,NULL,'2019-09-01 06:59:25',NULL),(443,NULL,NULL,NULL,NULL,NULL,'2019-09-01 06:59:25',NULL),(444,NULL,NULL,NULL,NULL,NULL,'2019-09-01 06:59:42',NULL),(445,NULL,NULL,NULL,NULL,NULL,'2019-09-01 06:59:48',NULL),(446,NULL,NULL,NULL,NULL,NULL,'2019-09-01 07:00:10',NULL),(447,NULL,NULL,NULL,NULL,NULL,'2019-09-01 07:00:43',NULL),(448,NULL,NULL,NULL,NULL,NULL,'2019-09-01 07:07:47',NULL),(449,NULL,NULL,NULL,NULL,NULL,'2019-09-01 07:08:08',NULL),(450,NULL,NULL,NULL,NULL,NULL,'2019-09-01 07:08:27',NULL),(451,NULL,NULL,NULL,NULL,NULL,'2019-09-01 07:08:47',NULL),(452,NULL,NULL,NULL,NULL,NULL,'2019-09-01 07:20:34',NULL),(453,NULL,NULL,NULL,NULL,NULL,'2019-09-01 08:40:58',NULL),(454,NULL,NULL,NULL,NULL,NULL,'2019-09-01 08:41:50',NULL),(455,NULL,NULL,NULL,NULL,NULL,'2019-09-01 08:41:59',NULL),(456,NULL,NULL,NULL,NULL,NULL,'2019-09-01 08:41:59',NULL),(457,NULL,NULL,NULL,NULL,NULL,'2019-09-01 08:41:59',NULL),(458,NULL,NULL,NULL,NULL,NULL,'2019-09-01 08:41:59',NULL),(459,NULL,NULL,NULL,NULL,NULL,'2019-09-01 08:41:59',NULL),(460,NULL,NULL,NULL,NULL,NULL,'2019-09-01 08:41:59',NULL),(461,NULL,NULL,NULL,NULL,NULL,'2019-09-01 08:41:59',NULL),(462,NULL,NULL,NULL,NULL,NULL,'2019-09-01 08:42:00',NULL),(463,NULL,NULL,NULL,NULL,NULL,'2019-09-01 08:42:00',NULL),(464,NULL,NULL,NULL,NULL,NULL,'2019-09-01 08:42:00',NULL),(465,NULL,NULL,NULL,NULL,NULL,'2019-09-01 08:42:00',NULL),(466,NULL,NULL,NULL,NULL,NULL,'2019-09-01 08:42:00',NULL),(467,NULL,NULL,NULL,NULL,NULL,'2019-09-01 08:42:01',NULL),(468,NULL,NULL,NULL,NULL,NULL,'2019-09-01 08:42:01',NULL),(469,NULL,NULL,NULL,NULL,NULL,'2019-09-01 08:42:01',NULL),(470,NULL,NULL,NULL,NULL,NULL,'2019-09-01 08:42:01',NULL),(471,NULL,NULL,NULL,NULL,NULL,'2019-09-01 08:42:01',NULL),(472,NULL,NULL,NULL,NULL,NULL,'2019-09-01 08:42:01',NULL),(473,NULL,NULL,NULL,NULL,NULL,'2019-09-01 08:42:02',NULL),(474,NULL,NULL,NULL,NULL,NULL,'2019-09-01 08:42:02',NULL),(475,NULL,NULL,NULL,NULL,NULL,'2019-09-01 08:43:05',NULL),(476,NULL,NULL,NULL,NULL,NULL,'2019-09-01 08:43:38',NULL),(477,NULL,NULL,NULL,NULL,NULL,'2019-09-01 08:46:17',NULL),(478,NULL,NULL,NULL,NULL,NULL,'2019-09-01 08:46:49',NULL),(479,NULL,NULL,NULL,NULL,NULL,'2019-09-01 08:47:15',NULL),(480,NULL,NULL,NULL,NULL,NULL,'2019-09-01 08:48:09',NULL),(481,NULL,NULL,NULL,NULL,NULL,'2019-09-01 08:48:30',NULL),(482,NULL,NULL,NULL,NULL,NULL,'2019-09-01 08:48:36',NULL),(483,NULL,NULL,NULL,NULL,NULL,'2019-09-01 09:04:51',NULL),(484,NULL,NULL,NULL,NULL,NULL,'2019-09-01 09:14:48',NULL),(485,NULL,NULL,NULL,NULL,NULL,'2019-09-01 09:15:47',NULL),(486,NULL,NULL,NULL,NULL,NULL,'2019-09-01 09:20:13',NULL),(487,NULL,NULL,NULL,NULL,NULL,'2019-09-01 09:20:25',NULL),(488,NULL,NULL,NULL,NULL,NULL,'2019-09-01 09:21:37',NULL),(489,NULL,NULL,NULL,NULL,NULL,'2019-09-01 09:22:10',NULL),(490,NULL,NULL,NULL,NULL,NULL,'2019-09-01 09:22:36',NULL),(491,NULL,NULL,NULL,NULL,NULL,'2019-09-01 09:23:34',NULL),(492,NULL,NULL,NULL,NULL,NULL,'2019-09-01 09:24:41',NULL),(493,NULL,NULL,NULL,NULL,NULL,'2019-09-01 09:25:13',NULL),(494,NULL,NULL,NULL,NULL,NULL,'2019-09-01 09:29:14',NULL),(495,NULL,NULL,NULL,NULL,NULL,'2019-09-01 09:31:33',NULL),(496,NULL,NULL,NULL,NULL,NULL,'2019-09-01 09:49:35',NULL),(497,NULL,NULL,NULL,NULL,NULL,'2019-09-01 09:51:41',NULL),(498,NULL,NULL,NULL,NULL,NULL,'2019-09-01 09:52:01',NULL),(499,NULL,NULL,NULL,NULL,NULL,'2019-09-01 09:55:12',NULL),(500,NULL,NULL,NULL,NULL,NULL,'2019-09-01 09:56:43',NULL),(501,NULL,NULL,NULL,NULL,NULL,'2019-09-01 10:09:56',NULL),(502,NULL,NULL,NULL,NULL,NULL,'2019-09-01 10:23:22',NULL),(503,NULL,NULL,NULL,NULL,NULL,'2019-09-01 10:24:00',NULL),(504,NULL,NULL,NULL,NULL,NULL,'2019-09-01 10:42:22',NULL),(505,NULL,NULL,NULL,NULL,NULL,'2019-09-01 10:43:15',NULL),(506,NULL,NULL,NULL,NULL,NULL,'2019-09-01 11:09:10',NULL),(507,NULL,NULL,NULL,NULL,NULL,'2019-09-01 11:10:17',NULL),(508,NULL,NULL,NULL,NULL,NULL,'2019-09-01 11:19:57',NULL),(509,NULL,NULL,NULL,NULL,NULL,'2019-09-01 11:44:28',NULL),(510,NULL,NULL,NULL,NULL,NULL,'2019-09-01 11:45:31',NULL),(511,NULL,NULL,NULL,NULL,NULL,'2019-09-01 11:45:52',NULL),(512,NULL,NULL,NULL,NULL,NULL,'2019-09-01 11:45:57',NULL),(513,NULL,NULL,NULL,NULL,NULL,'2019-09-01 11:51:11',NULL),(514,NULL,NULL,NULL,NULL,NULL,'2019-09-01 12:44:49',NULL),(515,NULL,NULL,NULL,NULL,NULL,'2019-09-01 13:16:05',NULL),(516,NULL,NULL,NULL,NULL,NULL,'2019-09-01 13:22:00',NULL),(517,NULL,NULL,NULL,NULL,NULL,'2019-09-01 13:22:28',NULL),(518,NULL,NULL,NULL,NULL,NULL,'2019-09-01 13:22:40',NULL),(519,NULL,NULL,NULL,NULL,NULL,'2019-09-01 13:27:47',NULL),(520,NULL,NULL,NULL,NULL,NULL,'2019-09-01 13:28:05',NULL),(521,NULL,NULL,NULL,NULL,NULL,'2019-09-01 13:29:15',NULL),(522,NULL,NULL,NULL,NULL,NULL,'2019-09-01 13:29:24',NULL),(523,NULL,NULL,NULL,NULL,NULL,'2019-09-01 13:29:35',NULL),(524,NULL,NULL,NULL,NULL,NULL,'2019-09-01 13:33:55',NULL),(525,NULL,NULL,NULL,NULL,NULL,'2019-09-01 13:37:51',NULL),(526,NULL,NULL,NULL,NULL,NULL,'2019-09-01 13:40:55',NULL),(527,NULL,NULL,NULL,NULL,NULL,'2019-09-01 13:42:51',NULL),(528,NULL,NULL,NULL,NULL,NULL,'2019-09-01 13:55:08',NULL),(529,NULL,NULL,NULL,NULL,NULL,'2019-09-01 14:05:19',NULL),(530,NULL,NULL,NULL,NULL,NULL,'2019-09-01 14:06:01',NULL),(531,NULL,NULL,NULL,NULL,NULL,'2019-09-01 14:10:02',NULL),(532,NULL,NULL,NULL,NULL,NULL,'2019-09-01 14:12:04',NULL),(533,NULL,NULL,NULL,NULL,NULL,'2019-09-01 14:29:13',NULL),(534,NULL,NULL,NULL,NULL,NULL,'2019-09-01 15:34:23',NULL),(535,NULL,NULL,NULL,NULL,NULL,'2019-09-01 15:34:23',NULL),(536,NULL,NULL,NULL,NULL,NULL,'2019-09-01 15:44:10',NULL),(537,NULL,NULL,NULL,NULL,NULL,'2019-09-01 15:46:34',NULL),(538,NULL,NULL,NULL,NULL,NULL,'2019-09-01 15:48:22',NULL),(539,NULL,NULL,NULL,NULL,NULL,'2019-09-01 15:49:08',NULL),(540,NULL,NULL,NULL,NULL,NULL,'2019-09-01 16:05:24',NULL),(541,NULL,NULL,NULL,NULL,NULL,'2019-09-01 16:13:53',NULL),(542,NULL,NULL,NULL,NULL,NULL,'2019-09-01 16:20:56',NULL),(543,NULL,NULL,NULL,NULL,NULL,'2019-09-01 16:27:26',NULL),(544,NULL,NULL,NULL,NULL,NULL,'2019-09-01 18:12:06',NULL),(545,NULL,NULL,NULL,NULL,NULL,'2019-09-01 18:14:36',NULL),(546,NULL,NULL,NULL,NULL,NULL,'2019-09-01 18:26:45',NULL),(547,NULL,NULL,NULL,NULL,NULL,'2019-09-01 18:47:12',NULL),(548,NULL,NULL,NULL,NULL,NULL,'2019-09-01 19:09:11',NULL),(549,NULL,NULL,NULL,NULL,NULL,'2019-09-01 19:52:08',NULL),(550,NULL,NULL,NULL,NULL,NULL,'2019-09-01 19:53:14',NULL),(551,NULL,NULL,NULL,NULL,NULL,'2019-09-01 22:37:52',NULL),(552,NULL,NULL,NULL,NULL,NULL,'2019-09-01 22:40:31',NULL),(553,NULL,NULL,NULL,NULL,NULL,'2019-09-01 22:40:45',NULL),(554,NULL,NULL,NULL,NULL,NULL,'2019-09-01 22:42:28',NULL),(555,NULL,NULL,NULL,NULL,NULL,'2019-09-02 05:15:45',NULL),(556,NULL,NULL,NULL,NULL,NULL,'2019-09-02 05:21:53',NULL),(557,NULL,NULL,NULL,NULL,NULL,'2019-09-02 05:37:13',NULL),(558,NULL,NULL,NULL,NULL,NULL,'2019-09-02 05:37:28',NULL),(559,NULL,NULL,NULL,NULL,NULL,'2019-09-02 05:40:17',NULL),(560,NULL,NULL,NULL,NULL,NULL,'2019-09-02 06:05:47',NULL),(561,NULL,NULL,NULL,NULL,NULL,'2019-09-02 06:05:57',NULL),(562,NULL,NULL,NULL,NULL,NULL,'2019-09-02 06:08:41',NULL),(563,NULL,NULL,NULL,NULL,NULL,'2019-09-02 06:10:34',NULL),(564,NULL,NULL,NULL,NULL,NULL,'2019-09-02 06:11:28',NULL),(565,NULL,NULL,NULL,NULL,NULL,'2019-09-02 06:12:35',NULL),(566,NULL,NULL,NULL,NULL,NULL,'2019-09-02 06:23:42',NULL),(567,NULL,NULL,NULL,NULL,NULL,'2019-09-02 06:26:15',NULL),(568,NULL,NULL,NULL,NULL,NULL,'2019-09-02 06:29:02',NULL),(569,NULL,NULL,NULL,NULL,NULL,'2019-09-02 06:37:25',NULL),(570,NULL,NULL,NULL,NULL,NULL,'2019-09-02 06:37:43',NULL),(571,NULL,NULL,NULL,NULL,NULL,'2019-09-02 06:39:17',NULL),(572,NULL,NULL,NULL,NULL,NULL,'2019-09-02 06:43:56',NULL),(573,NULL,NULL,NULL,NULL,NULL,'2019-09-02 06:54:16',NULL),(574,NULL,NULL,NULL,NULL,NULL,'2019-09-02 06:57:09',NULL),(575,NULL,NULL,NULL,NULL,NULL,'2019-09-02 06:58:04',NULL),(576,NULL,NULL,NULL,NULL,NULL,'2019-09-02 07:24:53',NULL),(577,NULL,NULL,NULL,NULL,NULL,'2019-09-02 07:34:50',NULL),(578,NULL,NULL,NULL,NULL,NULL,'2019-09-02 07:42:54',NULL),(579,NULL,NULL,NULL,NULL,NULL,'2019-09-02 07:43:21',NULL),(580,NULL,NULL,NULL,NULL,NULL,'2019-09-02 07:50:36',NULL),(581,NULL,NULL,NULL,NULL,NULL,'2019-09-02 07:51:47',NULL),(582,NULL,NULL,NULL,NULL,NULL,'2019-09-02 07:55:15',NULL),(583,NULL,NULL,NULL,NULL,NULL,'2019-09-02 07:55:45',NULL),(584,NULL,NULL,NULL,NULL,NULL,'2019-09-02 07:55:52',NULL),(585,NULL,NULL,NULL,NULL,NULL,'2019-09-02 07:56:04',NULL),(586,NULL,NULL,NULL,NULL,NULL,'2019-09-02 07:58:07',NULL),(587,NULL,NULL,NULL,NULL,NULL,'2019-09-02 08:10:08',NULL),(588,NULL,NULL,NULL,NULL,NULL,'2019-09-02 08:34:12',NULL),(589,NULL,NULL,NULL,NULL,NULL,'2019-09-02 08:37:52',NULL),(590,NULL,NULL,NULL,NULL,NULL,'2019-09-02 08:56:50',NULL),(591,NULL,NULL,NULL,NULL,NULL,'2019-09-02 09:43:44',NULL),(592,NULL,NULL,NULL,NULL,NULL,'2019-09-02 10:12:11',NULL),(593,NULL,NULL,NULL,NULL,NULL,'2019-09-02 10:13:01',NULL),(594,NULL,NULL,NULL,NULL,NULL,'2019-09-02 10:14:00',NULL),(595,NULL,NULL,NULL,NULL,NULL,'2019-09-02 10:19:21',NULL),(596,NULL,NULL,NULL,NULL,NULL,'2019-09-02 10:29:09',NULL),(597,NULL,NULL,NULL,NULL,NULL,'2019-09-02 10:30:00',NULL),(598,NULL,NULL,NULL,NULL,NULL,'2019-09-02 10:30:13',NULL),(599,NULL,NULL,NULL,NULL,NULL,'2019-09-02 10:30:32',NULL),(600,NULL,NULL,NULL,NULL,NULL,'2019-09-02 10:36:12',NULL),(601,NULL,NULL,NULL,NULL,NULL,'2019-09-02 10:36:13',NULL),(602,NULL,NULL,NULL,NULL,NULL,'2019-09-02 10:36:53',NULL),(603,NULL,NULL,NULL,NULL,NULL,'2019-09-02 10:37:49',NULL),(604,NULL,NULL,NULL,NULL,NULL,'2019-09-02 10:38:08',NULL),(605,NULL,NULL,NULL,NULL,NULL,'2019-09-02 10:38:13',NULL),(606,NULL,NULL,NULL,NULL,NULL,'2019-09-02 10:38:59',NULL),(607,NULL,NULL,NULL,NULL,NULL,'2019-09-02 10:39:42',NULL),(608,NULL,NULL,NULL,NULL,NULL,'2019-09-02 10:43:14',NULL),(609,NULL,NULL,NULL,NULL,NULL,'2019-09-02 10:43:29',NULL),(610,NULL,NULL,NULL,NULL,NULL,'2019-09-02 10:43:29',NULL),(611,NULL,NULL,NULL,NULL,NULL,'2019-09-02 10:43:29',NULL),(612,NULL,NULL,NULL,NULL,NULL,'2019-09-02 10:43:30',NULL),(613,NULL,NULL,NULL,NULL,NULL,'2019-09-02 10:43:30',NULL),(614,NULL,NULL,NULL,NULL,NULL,'2019-09-02 10:43:30',NULL),(615,NULL,NULL,NULL,NULL,NULL,'2019-09-02 10:43:30',NULL),(616,NULL,NULL,NULL,NULL,NULL,'2019-09-02 10:43:30',NULL),(617,NULL,NULL,NULL,NULL,NULL,'2019-09-02 10:43:30',NULL),(618,NULL,NULL,NULL,NULL,NULL,'2019-09-02 10:43:30',NULL),(619,NULL,NULL,NULL,NULL,NULL,'2019-09-02 10:43:31',NULL),(620,NULL,NULL,NULL,NULL,NULL,'2019-09-02 10:43:31',NULL),(621,NULL,NULL,NULL,NULL,NULL,'2019-09-02 10:43:31',NULL),(622,NULL,NULL,NULL,NULL,NULL,'2019-09-02 10:43:31',NULL),(623,NULL,NULL,NULL,NULL,NULL,'2019-09-02 10:43:31',NULL),(624,NULL,NULL,NULL,NULL,NULL,'2019-09-02 10:43:31',NULL),(625,NULL,NULL,NULL,NULL,NULL,'2019-09-02 10:43:31',NULL),(626,NULL,NULL,NULL,NULL,NULL,'2019-09-02 10:43:32',NULL),(627,NULL,NULL,NULL,NULL,NULL,'2019-09-02 10:43:32',NULL),(628,NULL,NULL,NULL,NULL,NULL,'2019-09-02 10:43:32',NULL),(629,NULL,NULL,NULL,NULL,NULL,'2019-09-02 10:43:37',NULL),(630,NULL,NULL,NULL,NULL,NULL,'2019-09-02 10:45:07',NULL),(631,NULL,NULL,NULL,NULL,NULL,'2019-09-02 10:59:19',NULL),(632,NULL,NULL,NULL,NULL,NULL,'2019-09-02 10:59:34',NULL),(633,NULL,NULL,NULL,NULL,NULL,'2019-09-02 11:04:59',NULL),(634,NULL,NULL,NULL,NULL,NULL,'2019-09-02 11:05:21',NULL),(635,NULL,NULL,NULL,NULL,NULL,'2019-09-02 11:07:17',NULL),(636,NULL,NULL,NULL,NULL,NULL,'2019-09-02 11:28:00',NULL),(637,NULL,NULL,NULL,NULL,NULL,'2019-09-02 11:47:56',NULL),(638,NULL,NULL,NULL,NULL,NULL,'2019-09-02 12:06:28',NULL),(639,NULL,NULL,NULL,NULL,NULL,'2019-09-02 12:09:20',NULL),(640,NULL,NULL,NULL,NULL,NULL,'2019-09-02 12:21:10',NULL),(641,NULL,NULL,NULL,NULL,NULL,'2019-09-02 12:29:09',NULL),(642,NULL,NULL,NULL,NULL,NULL,'2019-09-02 12:29:52',NULL),(643,NULL,NULL,NULL,NULL,NULL,'2019-09-02 12:34:16',NULL),(644,NULL,NULL,NULL,NULL,NULL,'2019-09-02 12:34:33',NULL),(645,NULL,NULL,NULL,NULL,NULL,'2019-09-02 12:34:33',NULL),(646,NULL,NULL,NULL,NULL,NULL,'2019-09-02 12:34:34',NULL),(647,NULL,NULL,NULL,NULL,NULL,'2019-09-02 12:34:54',NULL),(648,NULL,NULL,NULL,NULL,NULL,'2019-09-02 12:36:26',NULL),(649,NULL,NULL,NULL,NULL,NULL,'2019-09-02 12:52:13',NULL),(650,NULL,NULL,NULL,NULL,NULL,'2019-09-02 12:57:43',NULL),(651,NULL,NULL,NULL,NULL,NULL,'2019-09-02 12:59:14',NULL),(652,NULL,NULL,NULL,NULL,NULL,'2019-09-02 13:04:07',NULL),(653,NULL,NULL,NULL,NULL,NULL,'2019-09-02 13:04:09',NULL),(654,NULL,NULL,NULL,NULL,NULL,'2019-09-02 13:04:10',NULL),(655,NULL,NULL,NULL,NULL,NULL,'2019-09-02 13:04:10',NULL),(656,NULL,NULL,NULL,NULL,NULL,'2019-09-02 13:04:10',NULL),(657,NULL,NULL,NULL,NULL,NULL,'2019-09-02 13:04:10',NULL),(658,NULL,NULL,NULL,NULL,NULL,'2019-09-02 13:04:11',NULL),(659,NULL,NULL,NULL,NULL,NULL,'2019-09-02 13:04:18',NULL),(660,NULL,NULL,NULL,NULL,NULL,'2019-09-02 13:08:45',NULL),(661,NULL,NULL,NULL,NULL,NULL,'2019-09-02 13:09:13',NULL),(662,NULL,NULL,NULL,NULL,NULL,'2019-09-02 13:14:23',NULL),(663,NULL,NULL,NULL,NULL,NULL,'2019-09-02 13:41:40',NULL),(664,NULL,NULL,NULL,NULL,NULL,'2019-09-02 13:43:11',NULL),(665,NULL,NULL,NULL,NULL,NULL,'2019-09-02 14:08:45',NULL),(666,NULL,NULL,NULL,NULL,NULL,'2019-09-02 14:09:10',NULL),(667,NULL,NULL,NULL,NULL,NULL,'2019-09-02 14:13:35',NULL),(668,NULL,NULL,NULL,NULL,NULL,'2019-09-02 14:14:05',NULL),(669,NULL,NULL,NULL,NULL,NULL,'2019-09-02 14:43:50',NULL),(670,NULL,NULL,NULL,NULL,NULL,'2019-09-02 14:43:53',NULL),(671,NULL,NULL,NULL,NULL,NULL,'2019-09-02 14:43:54',NULL),(672,NULL,NULL,NULL,NULL,NULL,'2019-09-02 14:44:18',NULL),(673,NULL,NULL,NULL,NULL,NULL,'2019-09-02 14:44:22',NULL),(674,NULL,NULL,NULL,NULL,NULL,'2019-09-02 14:59:33',NULL),(675,NULL,NULL,NULL,NULL,NULL,'2019-09-02 15:43:57',NULL),(676,NULL,NULL,NULL,NULL,NULL,'2019-09-02 15:44:17',NULL),(677,NULL,NULL,NULL,NULL,NULL,'2019-09-02 15:52:32',NULL),(678,NULL,NULL,NULL,NULL,NULL,'2019-09-02 16:07:35',NULL),(679,NULL,NULL,NULL,NULL,NULL,'2019-09-02 16:09:33',NULL),(680,NULL,NULL,NULL,NULL,NULL,'2019-09-02 16:09:53',NULL),(681,NULL,NULL,NULL,NULL,NULL,'2019-09-02 16:53:45',NULL),(682,NULL,NULL,NULL,NULL,NULL,'2019-09-02 16:56:44',NULL),(683,NULL,NULL,NULL,NULL,NULL,'2019-09-02 16:57:04',NULL),(684,NULL,NULL,NULL,NULL,NULL,'2019-09-02 17:16:03',NULL),(685,NULL,NULL,NULL,NULL,NULL,'2019-09-02 17:16:30',NULL),(686,NULL,NULL,NULL,NULL,NULL,'2019-09-02 17:18:17',NULL),(687,NULL,NULL,NULL,NULL,NULL,'2019-09-02 17:18:22',NULL),(688,NULL,NULL,NULL,NULL,NULL,'2019-09-02 17:42:28',NULL),(689,NULL,NULL,NULL,NULL,NULL,'2019-09-02 17:57:31',NULL),(690,NULL,NULL,NULL,NULL,NULL,'2019-09-02 19:03:30',NULL),(691,NULL,NULL,NULL,NULL,NULL,'2019-09-02 19:54:01',NULL),(692,NULL,NULL,NULL,NULL,NULL,'2019-09-02 20:44:33',NULL),(693,NULL,NULL,NULL,NULL,NULL,'2019-09-02 20:54:10',NULL),(694,NULL,NULL,NULL,NULL,NULL,'2019-09-02 21:04:49',NULL),(695,NULL,NULL,NULL,NULL,NULL,'2019-09-02 21:08:07',NULL),(696,NULL,NULL,NULL,NULL,NULL,'2019-09-02 21:13:43',NULL),(697,NULL,NULL,NULL,NULL,NULL,'2019-09-02 21:16:46',NULL),(698,NULL,NULL,NULL,NULL,NULL,'2019-09-02 21:20:22',NULL),(699,NULL,NULL,NULL,NULL,NULL,'2019-09-02 21:45:13',NULL),(700,NULL,NULL,NULL,NULL,NULL,'2019-09-02 22:12:35',NULL),(701,NULL,NULL,NULL,NULL,NULL,'2019-09-02 22:38:09',NULL),(702,NULL,NULL,NULL,NULL,NULL,'2019-09-03 02:52:23',NULL),(703,NULL,NULL,NULL,NULL,NULL,'2019-09-03 02:52:30',NULL),(704,NULL,NULL,NULL,NULL,NULL,'2019-09-03 05:54:05',NULL),(705,NULL,NULL,NULL,NULL,NULL,'2019-09-03 05:54:39',NULL),(706,NULL,NULL,NULL,NULL,NULL,'2019-09-03 05:55:27',NULL),(707,NULL,NULL,NULL,NULL,NULL,'2019-09-03 06:39:59',NULL),(708,NULL,NULL,NULL,NULL,NULL,'2019-09-03 06:39:59',NULL),(709,NULL,NULL,NULL,NULL,NULL,'2019-09-03 06:53:18',NULL),(710,NULL,NULL,NULL,NULL,NULL,'2019-09-03 07:06:10',NULL),(711,NULL,NULL,NULL,NULL,NULL,'2019-09-03 07:22:15',NULL),(712,NULL,NULL,NULL,NULL,NULL,'2019-09-03 07:27:04',NULL),(713,NULL,NULL,NULL,NULL,NULL,'2019-09-03 07:29:41',NULL),(714,NULL,NULL,NULL,NULL,NULL,'2019-09-03 07:33:40',NULL),(715,NULL,NULL,NULL,NULL,NULL,'2019-09-03 07:33:40',NULL),(716,NULL,NULL,NULL,NULL,NULL,'2019-09-03 07:33:41',NULL),(717,NULL,NULL,NULL,NULL,NULL,'2019-09-03 07:33:41',NULL),(718,NULL,NULL,NULL,NULL,NULL,'2019-09-03 07:33:41',NULL),(719,NULL,NULL,NULL,NULL,NULL,'2019-09-03 07:33:41',NULL),(720,NULL,NULL,NULL,NULL,NULL,'2019-09-03 07:33:41',NULL),(721,NULL,NULL,NULL,NULL,NULL,'2019-09-03 07:33:41',NULL),(722,NULL,NULL,NULL,NULL,NULL,'2019-09-03 07:33:42',NULL),(723,NULL,NULL,NULL,NULL,NULL,'2019-09-03 07:33:42',NULL),(724,NULL,NULL,NULL,NULL,NULL,'2019-09-03 07:33:42',NULL),(725,NULL,NULL,NULL,NULL,NULL,'2019-09-03 07:33:42',NULL),(726,NULL,NULL,NULL,NULL,NULL,'2019-09-03 07:33:42',NULL),(727,NULL,NULL,NULL,NULL,NULL,'2019-09-03 07:33:42',NULL),(728,NULL,NULL,NULL,NULL,NULL,'2019-09-03 07:33:42',NULL),(729,NULL,NULL,NULL,NULL,NULL,'2019-09-03 07:33:42',NULL),(730,NULL,NULL,NULL,NULL,NULL,'2019-09-03 07:33:43',NULL),(731,NULL,NULL,NULL,NULL,NULL,'2019-09-03 07:33:43',NULL),(732,NULL,NULL,NULL,NULL,NULL,'2019-09-03 07:33:43',NULL),(733,NULL,NULL,NULL,NULL,NULL,'2019-09-03 07:33:43',NULL),(734,NULL,NULL,NULL,NULL,NULL,'2019-09-03 07:33:44',NULL),(735,NULL,NULL,NULL,NULL,NULL,'2019-09-03 07:33:44',NULL),(736,NULL,NULL,NULL,NULL,NULL,'2019-09-03 07:33:44',NULL),(737,NULL,NULL,NULL,NULL,NULL,'2019-09-03 07:33:45',NULL),(738,NULL,NULL,NULL,NULL,NULL,'2019-09-03 07:33:45',NULL),(739,NULL,NULL,NULL,NULL,NULL,'2019-09-03 07:33:45',NULL),(740,NULL,NULL,NULL,NULL,NULL,'2019-09-03 07:33:45',NULL),(741,NULL,NULL,NULL,NULL,NULL,'2019-09-03 07:33:45',NULL),(742,NULL,NULL,NULL,NULL,NULL,'2019-09-03 07:33:46',NULL),(743,NULL,NULL,NULL,NULL,NULL,'2019-09-03 07:33:46',NULL),(744,NULL,NULL,NULL,NULL,NULL,'2019-09-03 07:33:46',NULL),(745,NULL,NULL,NULL,NULL,NULL,'2019-09-03 07:33:46',NULL),(746,NULL,NULL,NULL,NULL,NULL,'2019-09-03 07:33:46',NULL),(747,NULL,NULL,NULL,NULL,NULL,'2019-09-03 07:33:47',NULL),(748,NULL,NULL,NULL,NULL,NULL,'2019-09-03 07:33:47',NULL),(749,NULL,NULL,NULL,NULL,NULL,'2019-09-03 07:33:47',NULL),(750,NULL,NULL,NULL,NULL,NULL,'2019-09-03 07:33:47',NULL),(751,NULL,NULL,NULL,NULL,NULL,'2019-09-03 07:33:47',NULL),(752,NULL,NULL,NULL,NULL,NULL,'2019-09-03 07:33:47',NULL),(753,NULL,NULL,NULL,NULL,NULL,'2019-09-03 07:33:48',NULL),(754,NULL,NULL,NULL,NULL,NULL,'2019-09-03 07:33:53',NULL),(755,NULL,NULL,NULL,NULL,NULL,'2019-09-03 07:33:53',NULL),(756,NULL,NULL,NULL,NULL,NULL,'2019-09-03 07:33:53',NULL),(757,NULL,NULL,NULL,NULL,NULL,'2019-09-03 07:33:54',NULL),(758,NULL,NULL,NULL,NULL,NULL,'2019-09-03 07:33:54',NULL),(759,NULL,NULL,NULL,NULL,NULL,'2019-09-03 07:33:54',NULL),(760,NULL,NULL,NULL,NULL,NULL,'2019-09-03 07:33:54',NULL),(761,NULL,NULL,NULL,NULL,NULL,'2019-09-03 07:33:54',NULL),(762,NULL,NULL,NULL,NULL,NULL,'2019-09-03 07:33:55',NULL),(763,NULL,NULL,NULL,NULL,NULL,'2019-09-03 07:33:55',NULL),(764,NULL,NULL,NULL,NULL,NULL,'2019-09-03 07:33:56',NULL),(765,NULL,NULL,NULL,NULL,NULL,'2019-09-03 07:33:56',NULL),(766,NULL,NULL,NULL,NULL,NULL,'2019-09-03 07:33:56',NULL),(767,NULL,NULL,NULL,NULL,NULL,'2019-09-03 07:33:56',NULL),(768,NULL,NULL,NULL,NULL,NULL,'2019-09-03 07:33:56',NULL),(769,NULL,NULL,NULL,NULL,NULL,'2019-09-03 07:33:56',NULL),(770,NULL,NULL,NULL,NULL,NULL,'2019-09-03 07:33:57',NULL),(771,NULL,NULL,NULL,NULL,NULL,'2019-09-03 07:33:57',NULL),(772,NULL,NULL,NULL,NULL,NULL,'2019-09-03 07:33:57',NULL),(773,NULL,NULL,NULL,NULL,NULL,'2019-09-03 07:33:57',NULL),(774,NULL,NULL,NULL,NULL,NULL,'2019-09-03 08:16:47',NULL),(775,NULL,NULL,NULL,NULL,NULL,'2019-09-03 08:18:24',NULL),(776,NULL,NULL,NULL,NULL,NULL,'2019-09-03 08:29:44',NULL),(777,NULL,NULL,NULL,NULL,NULL,'2019-09-03 08:31:50',NULL),(778,NULL,NULL,NULL,NULL,NULL,'2019-09-03 08:32:57',NULL),(779,NULL,NULL,NULL,NULL,NULL,'2019-09-03 09:06:22',NULL),(780,NULL,NULL,NULL,NULL,NULL,'2019-09-03 09:08:40',NULL),(781,NULL,NULL,NULL,NULL,NULL,'2019-09-03 09:30:06',NULL),(782,NULL,NULL,NULL,NULL,NULL,'2019-09-03 09:52:51',NULL),(783,NULL,NULL,NULL,NULL,NULL,'2019-09-03 09:54:59',NULL),(784,NULL,NULL,NULL,NULL,NULL,'2019-09-03 09:55:03',NULL),(785,NULL,NULL,NULL,NULL,NULL,'2019-09-03 09:55:19',NULL),(786,NULL,NULL,NULL,NULL,NULL,'2019-09-03 09:55:34',NULL),(787,NULL,NULL,NULL,NULL,NULL,'2019-09-03 09:55:34',NULL),(788,NULL,NULL,NULL,NULL,NULL,'2019-09-03 09:56:51',NULL),(789,NULL,NULL,NULL,NULL,NULL,'2019-09-03 09:58:18',NULL),(790,NULL,NULL,NULL,NULL,NULL,'2019-09-03 09:59:03',NULL),(791,NULL,NULL,NULL,NULL,NULL,'2019-09-03 09:59:07',NULL),(792,NULL,NULL,NULL,NULL,NULL,'2019-09-03 10:00:23',NULL),(793,NULL,NULL,NULL,NULL,NULL,'2019-09-03 10:01:41',NULL),(794,NULL,NULL,NULL,NULL,NULL,'2019-09-03 10:01:57',NULL),(795,NULL,NULL,NULL,NULL,NULL,'2019-09-03 10:03:08',NULL),(796,NULL,NULL,NULL,NULL,NULL,'2019-09-03 10:05:04',NULL),(797,NULL,NULL,NULL,NULL,NULL,'2019-09-03 10:07:21',NULL),(798,NULL,NULL,NULL,NULL,NULL,'2019-09-03 10:10:10',NULL),(799,NULL,NULL,NULL,NULL,NULL,'2019-09-03 10:10:12',NULL),(800,NULL,NULL,NULL,NULL,NULL,'2019-09-03 10:11:01',NULL),(801,NULL,NULL,NULL,NULL,NULL,'2019-09-03 10:11:35',NULL),(802,NULL,NULL,NULL,NULL,NULL,'2019-09-03 10:15:15',NULL),(803,NULL,NULL,NULL,NULL,NULL,'2019-09-03 10:17:14',NULL),(804,NULL,NULL,NULL,NULL,NULL,'2019-09-03 10:17:54',NULL),(805,NULL,NULL,NULL,NULL,NULL,'2019-09-03 10:30:00',NULL),(806,NULL,NULL,NULL,NULL,NULL,'2019-09-03 10:33:44',NULL),(807,NULL,NULL,NULL,NULL,NULL,'2019-09-03 10:53:58',NULL),(808,NULL,NULL,NULL,NULL,NULL,'2019-09-03 11:14:10',NULL),(809,NULL,NULL,NULL,NULL,NULL,'2019-09-03 11:14:33',NULL),(810,NULL,NULL,NULL,NULL,NULL,'2019-09-03 11:15:23',NULL),(811,NULL,NULL,NULL,NULL,NULL,'2019-09-03 11:25:38',NULL),(812,NULL,NULL,NULL,NULL,NULL,'2019-09-03 11:57:33',NULL),(813,NULL,NULL,NULL,NULL,NULL,'2019-09-03 12:13:36',NULL),(814,NULL,NULL,NULL,NULL,NULL,'2019-09-03 12:52:11',NULL),(815,NULL,NULL,NULL,NULL,NULL,'2019-09-03 12:52:39',NULL),(816,NULL,NULL,NULL,NULL,NULL,'2019-09-03 12:56:40',NULL),(817,NULL,NULL,NULL,NULL,NULL,'2019-09-03 12:57:13',NULL),(818,NULL,NULL,NULL,NULL,NULL,'2019-09-03 13:03:58',NULL),(819,NULL,NULL,NULL,NULL,NULL,'2019-09-03 13:04:01',NULL),(820,NULL,NULL,NULL,NULL,NULL,'2019-09-03 13:05:28',NULL),(821,NULL,NULL,NULL,NULL,NULL,'2019-09-03 13:29:25',NULL),(822,NULL,NULL,NULL,NULL,NULL,'2019-09-03 13:29:27',NULL),(823,NULL,NULL,NULL,NULL,NULL,'2019-09-03 14:03:53',NULL),(824,NULL,NULL,NULL,NULL,NULL,'2019-09-03 14:14:08',NULL),(825,NULL,NULL,NULL,NULL,NULL,'2019-09-03 14:15:37',NULL),(826,NULL,NULL,NULL,NULL,NULL,'2019-09-03 14:16:13',NULL),(827,NULL,NULL,NULL,NULL,NULL,'2019-09-03 14:18:03',NULL),(828,NULL,NULL,NULL,NULL,NULL,'2019-09-03 14:43:56',NULL),(829,NULL,NULL,NULL,NULL,NULL,'2019-09-03 14:43:59',NULL),(830,NULL,NULL,NULL,NULL,NULL,'2019-09-03 14:44:00',NULL),(831,NULL,NULL,NULL,NULL,NULL,'2019-09-03 14:44:23',NULL),(832,NULL,NULL,NULL,NULL,NULL,'2019-09-03 14:44:26',NULL),(833,NULL,NULL,NULL,NULL,NULL,'2019-09-03 15:09:05',NULL),(834,NULL,NULL,NULL,NULL,NULL,'2019-09-03 15:35:38',NULL),(835,NULL,NULL,NULL,NULL,NULL,'2019-09-03 15:37:01',NULL),(836,NULL,NULL,NULL,NULL,NULL,'2019-09-03 15:45:08',NULL),(837,NULL,NULL,NULL,NULL,NULL,'2019-09-03 15:45:22',NULL),(838,NULL,NULL,NULL,NULL,NULL,'2019-09-03 15:45:47',NULL),(839,NULL,NULL,NULL,NULL,NULL,'2019-09-03 15:53:09',NULL),(840,NULL,NULL,NULL,NULL,NULL,'2019-09-03 15:56:00',NULL),(841,NULL,NULL,NULL,NULL,NULL,'2019-09-03 16:02:28',NULL),(842,NULL,NULL,NULL,NULL,NULL,'2019-09-03 16:04:44',NULL),(843,NULL,NULL,NULL,NULL,NULL,'2019-09-03 16:05:47',NULL),(844,NULL,NULL,NULL,NULL,NULL,'2019-09-03 16:12:34',NULL),(845,NULL,NULL,NULL,NULL,NULL,'2019-09-03 16:13:56',NULL),(846,NULL,NULL,NULL,NULL,NULL,'2019-09-03 16:15:34',NULL),(847,NULL,NULL,NULL,NULL,NULL,'2019-09-03 16:15:45',NULL),(848,NULL,NULL,NULL,NULL,NULL,'2019-09-03 16:18:12',NULL),(849,NULL,NULL,NULL,NULL,NULL,'2019-09-03 16:46:27',NULL),(850,NULL,NULL,NULL,NULL,NULL,'2019-09-03 16:48:24',NULL),(851,NULL,NULL,NULL,NULL,NULL,'2019-09-03 16:54:19',NULL),(852,NULL,NULL,NULL,NULL,NULL,'2019-09-03 17:04:10',NULL),(853,NULL,NULL,NULL,NULL,NULL,'2019-09-03 17:05:22',NULL),(854,NULL,NULL,NULL,NULL,NULL,'2019-09-03 17:07:33',NULL),(855,NULL,NULL,NULL,NULL,NULL,'2019-09-03 17:08:12',NULL),(856,NULL,NULL,NULL,NULL,NULL,'2019-09-03 17:09:06',NULL),(857,NULL,NULL,NULL,NULL,NULL,'2019-09-03 17:10:30',NULL),(858,NULL,NULL,NULL,NULL,NULL,'2019-09-03 17:11:12',NULL),(859,NULL,NULL,NULL,NULL,NULL,'2019-09-03 17:17:57',NULL),(860,NULL,NULL,NULL,NULL,NULL,'2019-09-03 17:19:57',NULL),(861,NULL,NULL,NULL,NULL,NULL,'2019-09-03 17:22:56',NULL),(862,NULL,NULL,NULL,NULL,NULL,'2019-09-03 17:47:23',NULL),(863,NULL,NULL,NULL,NULL,NULL,'2019-09-03 17:53:13',NULL),(864,NULL,NULL,NULL,NULL,NULL,'2019-09-03 17:53:40',NULL),(865,NULL,NULL,NULL,NULL,NULL,'2019-09-03 18:05:26',NULL),(866,NULL,NULL,NULL,NULL,NULL,'2019-09-03 18:12:30',NULL),(867,NULL,NULL,NULL,NULL,NULL,'2019-09-03 18:25:32',NULL),(868,NULL,NULL,NULL,NULL,NULL,'2019-09-03 18:58:28',NULL),(869,NULL,NULL,NULL,NULL,NULL,'2019-09-03 19:43:51',NULL),(870,NULL,NULL,NULL,NULL,NULL,'2019-09-03 19:46:42',NULL),(871,NULL,NULL,NULL,NULL,NULL,'2019-09-03 19:46:58',NULL),(872,NULL,NULL,NULL,NULL,NULL,'2019-09-03 19:48:01',NULL),(873,NULL,NULL,NULL,NULL,NULL,'2019-09-03 20:16:52',NULL),(874,NULL,NULL,NULL,NULL,NULL,'2019-09-03 21:11:31',NULL),(875,NULL,NULL,NULL,NULL,NULL,'2019-09-03 21:33:46',NULL),(876,NULL,NULL,NULL,NULL,NULL,'2019-09-03 21:35:34',NULL),(877,NULL,NULL,NULL,NULL,NULL,'2019-09-04 02:59:04',NULL),(878,NULL,NULL,NULL,NULL,NULL,'2019-09-04 04:32:22',NULL),(879,NULL,NULL,NULL,NULL,NULL,'2019-09-04 04:32:26',NULL),(880,NULL,NULL,NULL,NULL,NULL,'2019-09-04 05:17:57',NULL),(881,NULL,NULL,NULL,NULL,NULL,'2019-09-04 05:23:05',NULL),(882,NULL,NULL,NULL,NULL,NULL,'2019-09-04 05:30:44',NULL),(883,NULL,NULL,NULL,NULL,NULL,'2019-09-04 05:39:25',NULL),(884,NULL,NULL,NULL,NULL,NULL,'2019-09-04 05:47:32',NULL),(885,NULL,NULL,NULL,NULL,NULL,'2019-09-04 06:31:06',NULL),(886,NULL,NULL,NULL,NULL,NULL,'2019-09-04 07:31:01',NULL),(887,NULL,NULL,NULL,NULL,NULL,'2019-09-04 08:15:41',NULL),(888,NULL,NULL,NULL,NULL,NULL,'2019-09-04 08:21:12',NULL),(889,NULL,NULL,NULL,NULL,NULL,'2019-09-04 08:33:31',NULL),(890,NULL,NULL,NULL,NULL,NULL,'2019-09-04 08:48:28',NULL),(891,NULL,NULL,NULL,NULL,NULL,'2019-09-04 08:48:28',NULL),(892,NULL,NULL,NULL,NULL,NULL,'2019-09-04 08:48:28',NULL),(893,NULL,NULL,NULL,NULL,NULL,'2019-09-04 08:48:28',NULL),(894,NULL,NULL,NULL,NULL,NULL,'2019-09-04 08:59:03',NULL),(895,NULL,NULL,NULL,NULL,NULL,'2019-09-04 09:26:12',NULL),(896,NULL,NULL,NULL,NULL,NULL,'2019-09-04 09:26:12',NULL),(897,NULL,NULL,NULL,NULL,NULL,'2019-09-04 09:28:11',NULL),(898,NULL,NULL,NULL,NULL,NULL,'2019-09-04 09:41:02',NULL),(899,NULL,NULL,NULL,NULL,NULL,'2019-09-04 10:10:21',NULL),(900,NULL,NULL,NULL,NULL,NULL,'2019-09-04 10:43:47',NULL),(901,NULL,NULL,NULL,NULL,NULL,'2019-09-04 10:46:52',NULL),(902,NULL,NULL,NULL,NULL,NULL,'2019-09-04 10:50:09',NULL),(903,NULL,NULL,NULL,NULL,NULL,'2019-09-04 12:20:14',NULL),(904,NULL,NULL,NULL,NULL,NULL,'2019-09-04 12:20:15',NULL),(905,NULL,NULL,NULL,NULL,NULL,'2019-09-04 12:39:08',NULL),(906,NULL,NULL,NULL,NULL,NULL,'2019-09-04 12:39:38',NULL),(907,NULL,NULL,NULL,NULL,NULL,'2019-09-04 12:39:58',NULL),(908,NULL,NULL,NULL,NULL,NULL,'2019-09-04 12:40:14',NULL),(909,NULL,NULL,NULL,NULL,NULL,'2019-09-04 12:56:35',NULL),(910,NULL,NULL,NULL,NULL,NULL,'2019-09-04 13:01:30',NULL),(911,NULL,NULL,NULL,NULL,NULL,'2019-09-04 13:28:42',NULL),(912,NULL,NULL,NULL,NULL,NULL,'2019-09-04 13:31:16',NULL),(913,NULL,NULL,NULL,NULL,NULL,'2019-09-04 13:31:26',NULL),(914,NULL,NULL,NULL,NULL,NULL,'2019-09-04 13:53:11',NULL),(915,NULL,NULL,NULL,NULL,NULL,'2019-09-04 14:07:01',NULL),(916,NULL,NULL,NULL,NULL,NULL,'2019-09-04 14:08:45',NULL),(917,NULL,NULL,NULL,NULL,NULL,'2019-09-04 14:21:17',NULL),(918,NULL,NULL,NULL,NULL,NULL,'2019-09-04 14:27:34',NULL),(919,NULL,NULL,NULL,NULL,NULL,'2019-09-04 14:46:43',NULL),(920,NULL,NULL,NULL,NULL,NULL,'2019-09-04 14:46:46',NULL),(921,NULL,NULL,NULL,NULL,NULL,'2019-09-04 14:46:48',NULL),(922,NULL,NULL,NULL,NULL,NULL,'2019-09-04 14:47:11',NULL),(923,NULL,NULL,NULL,NULL,NULL,'2019-09-04 14:47:15',NULL),(924,NULL,NULL,NULL,NULL,NULL,'2019-09-04 14:49:32',NULL),(925,NULL,NULL,NULL,NULL,NULL,'2019-09-04 14:53:56',NULL),(926,NULL,NULL,NULL,NULL,NULL,'2019-09-04 15:10:41',NULL),(927,NULL,NULL,NULL,NULL,NULL,'2019-09-04 15:10:43',NULL),(928,NULL,NULL,NULL,NULL,NULL,'2019-09-04 15:13:18',NULL),(929,NULL,NULL,NULL,NULL,NULL,'2019-09-04 15:41:21',NULL),(930,NULL,NULL,NULL,NULL,NULL,'2019-09-04 15:41:21',NULL),(931,NULL,NULL,NULL,NULL,NULL,'2019-09-04 15:41:21',NULL),(932,NULL,NULL,NULL,NULL,NULL,'2019-09-04 15:41:22',NULL),(933,NULL,NULL,NULL,NULL,NULL,'2019-09-04 15:41:22',NULL),(934,NULL,NULL,NULL,NULL,NULL,'2019-09-04 15:41:22',NULL),(935,NULL,NULL,NULL,NULL,NULL,'2019-09-04 15:41:22',NULL),(936,NULL,NULL,NULL,NULL,NULL,'2019-09-04 15:41:22',NULL),(937,NULL,NULL,NULL,NULL,NULL,'2019-09-04 15:41:22',NULL),(938,NULL,NULL,NULL,NULL,NULL,'2019-09-04 15:41:23',NULL),(939,NULL,NULL,NULL,NULL,NULL,'2019-09-04 15:41:23',NULL),(940,NULL,NULL,NULL,NULL,NULL,'2019-09-04 15:41:23',NULL),(941,NULL,NULL,NULL,NULL,NULL,'2019-09-04 15:41:23',NULL),(942,NULL,NULL,NULL,NULL,NULL,'2019-09-04 15:41:23',NULL),(943,NULL,NULL,NULL,NULL,NULL,'2019-09-04 15:41:23',NULL),(944,NULL,NULL,NULL,NULL,NULL,'2019-09-04 15:41:23',NULL),(945,NULL,NULL,NULL,NULL,NULL,'2019-09-04 15:41:23',NULL),(946,NULL,NULL,NULL,NULL,NULL,'2019-09-04 15:41:24',NULL),(947,NULL,NULL,NULL,NULL,NULL,'2019-09-04 15:41:24',NULL),(948,NULL,NULL,NULL,NULL,NULL,'2019-09-04 15:41:24',NULL),(949,NULL,NULL,NULL,NULL,NULL,'2019-09-04 15:41:27',NULL),(950,NULL,NULL,NULL,NULL,NULL,'2019-09-04 15:51:14',NULL),(951,NULL,NULL,NULL,NULL,NULL,'2019-09-04 15:54:24',NULL),(952,NULL,NULL,NULL,NULL,NULL,'2019-09-04 16:12:39',NULL),(953,NULL,NULL,NULL,NULL,NULL,'2019-09-04 16:20:06',NULL),(954,NULL,NULL,NULL,NULL,NULL,'2019-09-04 16:20:08',NULL),(955,NULL,NULL,NULL,NULL,NULL,'2019-09-04 16:36:18',NULL),(956,NULL,NULL,NULL,NULL,NULL,'2019-09-04 16:41:19',NULL),(957,NULL,NULL,NULL,NULL,NULL,'2019-09-04 17:04:45',NULL),(958,NULL,NULL,NULL,NULL,NULL,'2019-09-04 17:30:43',NULL),(959,NULL,NULL,NULL,NULL,NULL,'2019-09-04 18:06:21',NULL),(960,NULL,NULL,NULL,NULL,NULL,'2019-09-04 18:41:13',NULL),(961,NULL,NULL,NULL,NULL,NULL,'2019-09-04 19:10:45',NULL),(962,NULL,NULL,NULL,NULL,NULL,'2019-09-04 19:30:34',NULL),(963,NULL,NULL,NULL,NULL,NULL,'2019-09-04 19:31:31',NULL),(964,NULL,NULL,NULL,NULL,NULL,'2019-09-04 19:42:22',NULL),(965,NULL,NULL,NULL,NULL,NULL,'2019-09-04 19:48:11',NULL),(966,NULL,NULL,NULL,NULL,NULL,'2019-09-04 19:48:19',NULL),(967,NULL,NULL,NULL,NULL,NULL,'2019-09-04 19:50:09',NULL),(968,NULL,NULL,NULL,NULL,NULL,'2019-09-04 20:27:17',NULL),(969,NULL,NULL,NULL,NULL,NULL,'2019-09-04 20:44:38',NULL),(970,NULL,NULL,NULL,NULL,NULL,'2019-09-04 20:45:19',NULL),(971,NULL,NULL,NULL,NULL,NULL,'2019-09-04 20:48:32',NULL),(972,NULL,NULL,NULL,NULL,NULL,'2019-09-04 20:49:16',NULL),(973,NULL,NULL,NULL,NULL,NULL,'2019-09-04 20:49:48',NULL),(974,NULL,NULL,NULL,NULL,NULL,'2019-09-04 21:09:42',NULL),(975,NULL,NULL,NULL,NULL,NULL,'2019-09-04 21:09:43',NULL),(976,NULL,NULL,NULL,NULL,NULL,'2019-09-04 21:09:53',NULL),(977,NULL,NULL,NULL,NULL,NULL,'2019-09-04 21:20:51',NULL),(978,NULL,NULL,NULL,NULL,NULL,'2019-09-04 21:36:54',NULL),(979,NULL,NULL,NULL,NULL,NULL,'2019-09-04 21:52:31',NULL),(980,NULL,NULL,NULL,NULL,NULL,'2019-09-04 21:56:49',NULL),(981,NULL,NULL,NULL,NULL,NULL,'2019-09-04 21:58:20',NULL),(982,NULL,NULL,NULL,NULL,NULL,'2019-09-04 22:05:47',NULL),(983,NULL,NULL,NULL,NULL,NULL,'2019-09-04 22:13:22',NULL),(984,NULL,NULL,NULL,NULL,NULL,'2019-09-04 22:13:48',NULL),(985,NULL,NULL,NULL,NULL,NULL,'2019-09-04 22:16:56',NULL),(986,NULL,NULL,NULL,NULL,NULL,'2019-09-04 22:44:54',NULL),(987,NULL,NULL,NULL,NULL,NULL,'2019-09-04 23:41:11',NULL),(988,NULL,NULL,NULL,NULL,NULL,'2019-09-05 02:46:14',NULL),(989,NULL,NULL,NULL,NULL,NULL,'2019-09-05 03:32:44',NULL),(990,NULL,NULL,NULL,NULL,NULL,'2019-09-05 05:15:27',NULL),(991,NULL,NULL,NULL,NULL,NULL,'2019-09-05 05:16:07',NULL),(992,NULL,NULL,NULL,NULL,NULL,'2019-09-05 05:16:33',NULL),(993,NULL,NULL,NULL,NULL,NULL,'2019-09-05 05:29:50',NULL),(994,NULL,NULL,NULL,NULL,NULL,'2019-09-05 05:47:30',NULL),(995,NULL,NULL,NULL,NULL,NULL,'2019-09-05 06:46:14',NULL),(996,NULL,NULL,NULL,NULL,NULL,'2019-09-05 08:26:03',NULL),(997,NULL,NULL,NULL,NULL,NULL,'2019-09-05 08:35:00',NULL),(998,NULL,NULL,NULL,NULL,NULL,'2019-09-05 08:35:00',NULL),(999,NULL,NULL,NULL,NULL,NULL,'2019-09-05 08:37:53',NULL),(1000,NULL,NULL,NULL,NULL,NULL,'2019-09-05 08:38:32',NULL),(1001,NULL,NULL,NULL,NULL,NULL,'2019-09-05 08:41:49',NULL),(1002,NULL,NULL,NULL,NULL,NULL,'2019-09-05 08:43:54',NULL),(1003,NULL,NULL,NULL,NULL,NULL,'2019-09-05 08:51:06',NULL),(1004,NULL,NULL,NULL,NULL,NULL,'2019-09-05 09:06:39',NULL),(1005,NULL,NULL,NULL,NULL,NULL,'2019-09-05 09:28:45',NULL),(1006,NULL,NULL,NULL,NULL,NULL,'2019-09-05 09:29:01',NULL),(1007,NULL,NULL,NULL,NULL,NULL,'2019-09-05 09:31:30',NULL),(1008,NULL,NULL,NULL,NULL,NULL,'2019-09-05 09:38:52',NULL),(1009,NULL,NULL,NULL,NULL,NULL,'2019-09-05 09:40:20',NULL),(1010,NULL,NULL,NULL,NULL,NULL,'2019-09-05 09:40:21',NULL),(1011,NULL,NULL,NULL,NULL,NULL,'2019-09-05 09:40:21',NULL),(1012,NULL,NULL,NULL,NULL,NULL,'2019-09-05 09:40:21',NULL),(1013,NULL,NULL,NULL,NULL,NULL,'2019-09-05 09:40:21',NULL),(1014,NULL,NULL,NULL,NULL,NULL,'2019-09-05 09:40:21',NULL),(1015,NULL,NULL,NULL,NULL,NULL,'2019-09-05 09:40:21',NULL),(1016,NULL,NULL,NULL,NULL,NULL,'2019-09-05 09:55:58',NULL),(1017,NULL,NULL,NULL,NULL,NULL,'2019-09-05 09:55:58',NULL),(1018,NULL,NULL,NULL,NULL,NULL,'2019-09-05 09:56:00',NULL),(1019,NULL,NULL,NULL,NULL,NULL,'2019-09-05 09:56:26',NULL),(1020,NULL,NULL,NULL,NULL,NULL,'2019-09-05 09:56:30',NULL),(1021,NULL,NULL,NULL,NULL,NULL,'2019-09-05 09:56:34',NULL),(1022,NULL,NULL,NULL,NULL,NULL,'2019-09-05 09:59:30',NULL),(1023,NULL,NULL,NULL,NULL,NULL,'2019-09-05 10:02:34',NULL),(1024,NULL,NULL,NULL,NULL,NULL,'2019-09-05 10:04:50',NULL),(1025,NULL,NULL,NULL,NULL,NULL,'2019-09-05 10:11:14',NULL),(1026,NULL,NULL,NULL,NULL,NULL,'2019-09-05 10:51:31',NULL),(1027,NULL,NULL,NULL,NULL,NULL,'2019-09-05 11:09:43',NULL),(1028,NULL,NULL,NULL,NULL,NULL,'2019-09-05 11:10:58',NULL),(1029,NULL,NULL,NULL,NULL,NULL,'2019-09-05 11:12:09',NULL),(1030,NULL,NULL,NULL,NULL,NULL,'2019-09-05 11:51:16',NULL),(1031,NULL,NULL,NULL,NULL,NULL,'2019-09-05 12:03:25',NULL),(1032,NULL,NULL,NULL,NULL,NULL,'2019-09-05 12:55:42',NULL),(1033,NULL,NULL,NULL,NULL,NULL,'2019-09-05 12:56:27',NULL),(1034,NULL,NULL,NULL,NULL,NULL,'2019-09-05 13:09:06',NULL),(1035,NULL,NULL,NULL,NULL,NULL,'2019-09-05 13:13:25',NULL),(1036,NULL,NULL,NULL,NULL,NULL,'2019-09-05 13:29:15',NULL),(1037,NULL,NULL,NULL,NULL,NULL,'2019-09-05 13:52:09',NULL),(1038,NULL,NULL,NULL,NULL,NULL,'2019-09-05 13:54:44',NULL),(1039,NULL,NULL,NULL,NULL,NULL,'2019-09-05 14:05:09',NULL),(1040,NULL,NULL,NULL,NULL,NULL,'2019-09-05 14:34:23',NULL),(1041,NULL,NULL,NULL,NULL,NULL,'2019-09-05 14:39:05',NULL),(1042,NULL,NULL,NULL,NULL,NULL,'2019-09-05 14:39:07',NULL),(1043,NULL,NULL,NULL,NULL,NULL,'2019-09-05 14:39:09',NULL),(1044,NULL,NULL,NULL,NULL,NULL,'2019-09-05 14:39:31',NULL),(1045,NULL,NULL,NULL,NULL,NULL,'2019-09-05 14:39:35',NULL),(1046,NULL,NULL,NULL,NULL,NULL,'2019-09-05 14:58:35',NULL),(1047,NULL,NULL,NULL,NULL,NULL,'2019-09-05 14:58:43',NULL),(1048,NULL,NULL,NULL,NULL,NULL,'2019-09-05 14:58:48',NULL),(1049,NULL,NULL,NULL,NULL,NULL,'2019-09-05 14:58:52',NULL),(1050,NULL,NULL,NULL,NULL,NULL,'2019-09-05 14:59:06',NULL),(1051,NULL,NULL,NULL,NULL,NULL,'2019-09-05 15:01:24',NULL),(1052,NULL,NULL,NULL,NULL,NULL,'2019-09-05 15:08:58',NULL),(1053,NULL,NULL,NULL,NULL,NULL,'2019-09-05 15:11:27',NULL),(1054,NULL,NULL,NULL,NULL,NULL,'2019-09-05 15:11:50',NULL),(1055,NULL,NULL,NULL,NULL,NULL,'2019-09-05 15:12:02',NULL),(1056,NULL,NULL,NULL,NULL,NULL,'2019-09-05 15:14:09',NULL),(1057,NULL,NULL,NULL,NULL,NULL,'2019-09-05 15:21:57',NULL),(1058,NULL,NULL,NULL,NULL,NULL,'2019-09-05 15:24:13',NULL),(1059,NULL,NULL,NULL,NULL,NULL,'2019-09-05 15:26:17',NULL),(1060,NULL,NULL,NULL,NULL,NULL,'2019-09-05 15:26:52',NULL),(1061,NULL,NULL,NULL,NULL,NULL,'2019-09-05 15:28:44',NULL),(1062,NULL,NULL,NULL,NULL,NULL,'2019-09-05 15:28:46',NULL),(1063,NULL,NULL,NULL,NULL,NULL,'2019-09-05 15:28:51',NULL),(1064,NULL,NULL,NULL,NULL,NULL,'2019-09-05 15:28:53',NULL),(1065,NULL,NULL,NULL,NULL,NULL,'2019-09-05 15:29:02',NULL),(1066,NULL,NULL,NULL,NULL,NULL,'2019-09-05 15:29:08',NULL),(1067,NULL,NULL,NULL,NULL,NULL,'2019-09-05 15:32:35',NULL),(1068,NULL,NULL,NULL,NULL,NULL,'2019-09-05 15:33:17',NULL),(1069,NULL,NULL,NULL,NULL,NULL,'2019-09-05 15:33:27',NULL),(1070,NULL,NULL,NULL,NULL,NULL,'2019-09-05 15:34:50',NULL),(1071,NULL,NULL,NULL,NULL,NULL,'2019-09-05 15:34:50',NULL),(1072,NULL,NULL,NULL,NULL,NULL,'2019-09-05 15:37:23',NULL),(1073,NULL,NULL,NULL,NULL,NULL,'2019-09-05 16:10:40',NULL),(1074,NULL,NULL,NULL,NULL,NULL,'2019-09-05 16:14:43',NULL),(1075,NULL,NULL,NULL,NULL,NULL,'2019-09-05 16:22:16',NULL),(1076,NULL,NULL,NULL,NULL,NULL,'2019-09-05 16:45:17',NULL),(1077,NULL,NULL,NULL,NULL,NULL,'2019-09-05 16:52:07',NULL),(1078,NULL,NULL,NULL,NULL,NULL,'2019-09-05 16:53:23',NULL),(1079,NULL,NULL,NULL,NULL,NULL,'2019-09-05 16:54:14',NULL),(1080,NULL,NULL,NULL,NULL,NULL,'2019-09-05 16:55:01',NULL),(1081,NULL,NULL,NULL,NULL,NULL,'2019-09-05 16:58:06',NULL),(1082,NULL,NULL,NULL,NULL,NULL,'2019-09-05 17:00:09',NULL),(1083,NULL,NULL,NULL,NULL,NULL,'2019-09-05 17:00:10',NULL),(1084,NULL,NULL,NULL,NULL,NULL,'2019-09-05 17:00:19',NULL),(1085,NULL,NULL,NULL,NULL,NULL,'2019-09-05 17:01:40',NULL),(1086,NULL,NULL,NULL,NULL,NULL,'2019-09-05 17:22:20',NULL),(1087,NULL,NULL,NULL,NULL,NULL,'2019-09-05 17:45:01',NULL),(1088,NULL,NULL,NULL,NULL,NULL,'2019-09-05 18:02:00',NULL),(1089,NULL,NULL,NULL,NULL,NULL,'2019-09-05 18:04:24',NULL),(1090,NULL,NULL,NULL,NULL,NULL,'2019-09-05 18:09:43',NULL),(1091,NULL,NULL,NULL,NULL,NULL,'2019-09-05 18:15:40',NULL),(1092,NULL,NULL,NULL,NULL,NULL,'2019-09-05 18:42:21',NULL),(1093,NULL,NULL,NULL,NULL,NULL,'2019-09-05 19:00:33',NULL),(1094,NULL,NULL,NULL,NULL,NULL,'2019-09-05 19:00:33',NULL),(1095,NULL,NULL,NULL,NULL,NULL,'2019-09-05 19:01:48',NULL),(1096,NULL,NULL,NULL,NULL,NULL,'2019-09-05 19:05:14',NULL),(1097,NULL,NULL,NULL,NULL,NULL,'2019-09-05 19:14:42',NULL),(1098,NULL,NULL,NULL,NULL,NULL,'2019-09-05 19:58:12',NULL),(1099,NULL,NULL,NULL,NULL,NULL,'2019-09-05 20:09:36',NULL),(1100,NULL,NULL,NULL,NULL,NULL,'2019-09-05 20:25:18',NULL),(1101,NULL,NULL,NULL,NULL,NULL,'2019-09-05 20:51:07',NULL),(1102,NULL,NULL,NULL,NULL,NULL,'2019-09-05 21:32:28',NULL),(1103,NULL,NULL,NULL,NULL,NULL,'2019-09-05 21:34:01',NULL),(1104,NULL,NULL,NULL,NULL,NULL,'2019-09-05 21:59:08',NULL),(1105,NULL,NULL,NULL,NULL,NULL,'2019-09-05 21:59:46',NULL),(1106,NULL,NULL,NULL,NULL,NULL,'2019-09-05 22:00:28',NULL),(1107,NULL,NULL,NULL,NULL,NULL,'2019-09-05 22:01:02',NULL),(1108,NULL,NULL,NULL,NULL,NULL,'2019-09-05 23:22:30',NULL),(1109,NULL,NULL,NULL,NULL,NULL,'2019-09-05 23:50:41',NULL),(1110,NULL,NULL,NULL,NULL,NULL,'2019-09-05 23:51:11',NULL),(1111,NULL,NULL,NULL,NULL,NULL,'2019-09-05 23:56:57',NULL),(1112,NULL,NULL,NULL,NULL,NULL,'2019-09-05 23:57:10',NULL),(1113,NULL,NULL,NULL,NULL,NULL,'2019-09-05 23:58:11',NULL),(1114,NULL,NULL,NULL,NULL,NULL,'2019-09-06 03:22:17',NULL),(1115,NULL,NULL,NULL,NULL,NULL,'2019-09-06 04:48:57',NULL),(1116,NULL,NULL,NULL,NULL,NULL,'2019-09-06 05:20:36',NULL),(1117,NULL,NULL,NULL,NULL,NULL,'2019-09-06 05:23:44',NULL),(1118,NULL,NULL,NULL,NULL,NULL,'2019-09-06 06:13:06',NULL),(1119,NULL,NULL,NULL,NULL,NULL,'2019-09-06 06:13:37',NULL),(1120,NULL,NULL,NULL,NULL,NULL,'2019-09-06 06:16:02',NULL),(1121,NULL,NULL,NULL,NULL,NULL,'2019-09-06 06:47:26',NULL),(1122,NULL,NULL,NULL,NULL,NULL,'2019-09-06 06:47:53',NULL),(1123,NULL,NULL,NULL,NULL,NULL,'2019-09-06 06:48:15',NULL),(1124,NULL,NULL,NULL,NULL,NULL,'2019-09-06 06:48:16',NULL),(1125,NULL,NULL,NULL,NULL,NULL,'2019-09-06 06:48:16',NULL),(1126,NULL,NULL,NULL,NULL,NULL,'2019-09-06 06:48:16',NULL),(1127,NULL,NULL,NULL,NULL,NULL,'2019-09-06 06:48:16',NULL),(1128,NULL,NULL,NULL,NULL,NULL,'2019-09-06 06:48:16',NULL),(1129,NULL,NULL,NULL,NULL,NULL,'2019-09-06 06:48:17',NULL),(1130,NULL,NULL,NULL,NULL,NULL,'2019-09-06 06:48:17',NULL),(1131,NULL,NULL,NULL,NULL,NULL,'2019-09-06 06:48:17',NULL),(1132,NULL,NULL,NULL,NULL,NULL,'2019-09-06 06:48:18',NULL),(1133,NULL,NULL,NULL,NULL,NULL,'2019-09-06 06:48:18',NULL),(1134,NULL,NULL,NULL,NULL,NULL,'2019-09-06 06:48:18',NULL),(1135,NULL,NULL,NULL,NULL,NULL,'2019-09-06 06:48:19',NULL),(1136,NULL,NULL,NULL,NULL,NULL,'2019-09-06 06:48:19',NULL),(1137,NULL,NULL,NULL,NULL,NULL,'2019-09-06 06:48:19',NULL),(1138,NULL,NULL,NULL,NULL,NULL,'2019-09-06 06:48:19',NULL),(1139,NULL,NULL,NULL,NULL,NULL,'2019-09-06 06:48:20',NULL),(1140,NULL,NULL,NULL,NULL,NULL,'2019-09-06 06:48:20',NULL),(1141,NULL,NULL,NULL,NULL,NULL,'2019-09-06 06:48:21',NULL),(1142,NULL,NULL,NULL,NULL,NULL,'2019-09-06 06:48:21',NULL),(1143,NULL,NULL,NULL,NULL,NULL,'2019-09-06 06:48:21',NULL),(1144,NULL,NULL,NULL,NULL,NULL,'2019-09-06 06:48:21',NULL),(1145,NULL,NULL,NULL,NULL,NULL,'2019-09-06 06:48:21',NULL),(1146,NULL,NULL,NULL,NULL,NULL,'2019-09-06 06:48:21',NULL),(1147,NULL,NULL,NULL,NULL,NULL,'2019-09-06 06:48:21',NULL),(1148,NULL,NULL,NULL,NULL,NULL,'2019-09-06 06:48:21',NULL),(1149,NULL,NULL,NULL,NULL,NULL,'2019-09-06 06:48:22',NULL),(1150,NULL,NULL,NULL,NULL,NULL,'2019-09-06 06:48:22',NULL),(1151,NULL,NULL,NULL,NULL,NULL,'2019-09-06 06:48:22',NULL),(1152,NULL,NULL,NULL,NULL,NULL,'2019-09-06 06:48:22',NULL),(1153,NULL,NULL,NULL,NULL,NULL,'2019-09-06 06:48:22',NULL),(1154,NULL,NULL,NULL,NULL,NULL,'2019-09-06 06:48:23',NULL),(1155,NULL,NULL,NULL,NULL,NULL,'2019-09-06 06:48:23',NULL),(1156,NULL,NULL,NULL,NULL,NULL,'2019-09-06 06:48:23',NULL),(1157,NULL,NULL,NULL,NULL,NULL,'2019-09-06 06:48:23',NULL),(1158,NULL,NULL,NULL,NULL,NULL,'2019-09-06 06:48:23',NULL),(1159,NULL,NULL,NULL,NULL,NULL,'2019-09-06 06:48:23',NULL),(1160,NULL,NULL,NULL,NULL,NULL,'2019-09-06 06:48:24',NULL),(1161,NULL,NULL,NULL,NULL,NULL,'2019-09-06 06:48:24',NULL),(1162,NULL,NULL,NULL,NULL,NULL,'2019-09-06 06:48:24',NULL),(1163,NULL,NULL,NULL,NULL,NULL,'2019-09-06 06:48:24',NULL),(1164,NULL,NULL,NULL,NULL,NULL,'2019-09-06 06:48:25',NULL),(1165,NULL,NULL,NULL,NULL,NULL,'2019-09-06 06:48:36',NULL),(1166,NULL,NULL,NULL,NULL,NULL,'2019-09-06 06:48:36',NULL),(1167,NULL,NULL,NULL,NULL,NULL,'2019-09-06 06:48:36',NULL),(1168,NULL,NULL,NULL,NULL,NULL,'2019-09-06 06:48:36',NULL),(1169,NULL,NULL,NULL,NULL,NULL,'2019-09-06 06:48:37',NULL),(1170,NULL,NULL,NULL,NULL,NULL,'2019-09-06 06:48:37',NULL),(1171,NULL,NULL,NULL,NULL,NULL,'2019-09-06 06:48:37',NULL),(1172,NULL,NULL,NULL,NULL,NULL,'2019-09-06 06:48:37',NULL),(1173,NULL,NULL,NULL,NULL,NULL,'2019-09-06 06:48:37',NULL),(1174,NULL,NULL,NULL,NULL,NULL,'2019-09-06 06:48:37',NULL),(1175,NULL,NULL,NULL,NULL,NULL,'2019-09-06 06:48:38',NULL),(1176,NULL,NULL,NULL,NULL,NULL,'2019-09-06 06:48:38',NULL),(1177,NULL,NULL,NULL,NULL,NULL,'2019-09-06 06:48:38',NULL),(1178,NULL,NULL,NULL,NULL,NULL,'2019-09-06 06:48:38',NULL),(1179,NULL,NULL,NULL,NULL,NULL,'2019-09-06 06:48:38',NULL),(1180,NULL,NULL,NULL,NULL,NULL,'2019-09-06 06:48:38',NULL),(1181,NULL,NULL,NULL,NULL,NULL,'2019-09-06 06:48:49',NULL),(1182,NULL,NULL,NULL,NULL,NULL,'2019-09-06 06:48:49',NULL),(1183,NULL,NULL,NULL,NULL,NULL,'2019-09-06 06:48:49',NULL),(1184,NULL,NULL,NULL,NULL,NULL,'2019-09-06 06:48:49',NULL),(1185,NULL,NULL,NULL,NULL,NULL,'2019-09-06 06:48:49',NULL),(1186,NULL,NULL,NULL,NULL,NULL,'2019-09-06 06:48:50',NULL),(1187,NULL,NULL,NULL,NULL,NULL,'2019-09-06 06:48:50',NULL),(1188,NULL,NULL,NULL,NULL,NULL,'2019-09-06 06:48:50',NULL),(1189,NULL,NULL,NULL,NULL,NULL,'2019-09-06 06:48:50',NULL),(1190,NULL,NULL,NULL,NULL,NULL,'2019-09-06 06:48:50',NULL),(1191,NULL,NULL,NULL,NULL,NULL,'2019-09-06 06:48:50',NULL),(1192,NULL,NULL,NULL,NULL,NULL,'2019-09-06 06:48:51',NULL),(1193,NULL,NULL,NULL,NULL,NULL,'2019-09-06 06:48:51',NULL),(1194,NULL,NULL,NULL,NULL,NULL,'2019-09-06 06:48:51',NULL),(1195,NULL,NULL,NULL,NULL,NULL,'2019-09-06 06:48:51',NULL),(1196,NULL,NULL,NULL,NULL,NULL,'2019-09-06 06:48:52',NULL),(1197,NULL,NULL,NULL,NULL,NULL,'2019-09-06 06:48:52',NULL),(1198,NULL,NULL,NULL,NULL,NULL,'2019-09-06 06:48:52',NULL),(1199,NULL,NULL,NULL,NULL,NULL,'2019-09-06 06:48:52',NULL),(1200,NULL,NULL,NULL,NULL,NULL,'2019-09-06 06:48:52',NULL),(1201,NULL,NULL,NULL,NULL,NULL,'2019-09-06 06:48:53',NULL),(1202,NULL,NULL,NULL,NULL,NULL,'2019-09-06 06:48:53',NULL),(1203,NULL,NULL,NULL,NULL,NULL,'2019-09-06 06:48:54',NULL),(1204,NULL,NULL,NULL,NULL,NULL,'2019-09-06 06:48:54',NULL),(1205,NULL,NULL,NULL,NULL,NULL,'2019-09-06 06:48:54',NULL),(1206,NULL,NULL,NULL,NULL,NULL,'2019-09-06 06:48:55',NULL),(1207,NULL,NULL,NULL,NULL,NULL,'2019-09-06 06:49:01',NULL),(1208,NULL,NULL,NULL,NULL,NULL,'2019-09-06 06:49:01',NULL),(1209,NULL,NULL,NULL,NULL,NULL,'2019-09-06 06:49:02',NULL),(1210,NULL,NULL,NULL,NULL,NULL,'2019-09-06 06:49:02',NULL),(1211,NULL,NULL,NULL,NULL,NULL,'2019-09-06 06:49:02',NULL),(1212,NULL,NULL,NULL,NULL,NULL,'2019-09-06 06:49:02',NULL),(1213,NULL,NULL,NULL,NULL,NULL,'2019-09-06 06:49:03',NULL),(1214,NULL,NULL,NULL,NULL,NULL,'2019-09-06 06:49:03',NULL),(1215,NULL,NULL,NULL,NULL,NULL,'2019-09-06 06:49:03',NULL),(1216,NULL,NULL,NULL,NULL,NULL,'2019-09-06 06:49:03',NULL),(1217,NULL,NULL,NULL,NULL,NULL,'2019-09-06 06:49:04',NULL),(1218,NULL,NULL,NULL,NULL,NULL,'2019-09-06 06:49:04',NULL),(1219,NULL,NULL,NULL,NULL,NULL,'2019-09-06 06:49:04',NULL),(1220,NULL,NULL,NULL,NULL,NULL,'2019-09-06 06:49:05',NULL),(1221,NULL,NULL,NULL,NULL,NULL,'2019-09-06 06:49:05',NULL),(1222,NULL,NULL,NULL,NULL,NULL,'2019-09-06 06:49:05',NULL),(1223,NULL,NULL,NULL,NULL,NULL,'2019-09-06 06:49:06',NULL),(1224,NULL,NULL,NULL,NULL,NULL,'2019-09-06 06:49:06',NULL),(1225,NULL,NULL,NULL,NULL,NULL,'2019-09-06 06:49:07',NULL),(1226,NULL,NULL,NULL,NULL,NULL,'2019-09-06 06:49:07',NULL),(1227,NULL,NULL,NULL,NULL,NULL,'2019-09-06 06:49:07',NULL),(1228,NULL,NULL,NULL,NULL,NULL,'2019-09-06 06:49:08',NULL),(1229,NULL,NULL,NULL,NULL,NULL,'2019-09-06 06:49:08',NULL),(1230,NULL,NULL,NULL,NULL,NULL,'2019-09-06 06:49:08',NULL),(1231,NULL,NULL,NULL,NULL,NULL,'2019-09-06 06:49:08',NULL),(1232,NULL,NULL,NULL,NULL,NULL,'2019-09-06 06:49:08',NULL),(1233,NULL,NULL,NULL,NULL,NULL,'2019-09-06 06:49:08',NULL),(1234,NULL,NULL,NULL,NULL,NULL,'2019-09-06 06:49:09',NULL),(1235,NULL,NULL,NULL,NULL,NULL,'2019-09-06 06:49:09',NULL),(1236,NULL,NULL,NULL,NULL,NULL,'2019-09-06 06:49:09',NULL),(1237,NULL,NULL,NULL,NULL,NULL,'2019-09-06 06:49:09',NULL),(1238,NULL,NULL,NULL,NULL,NULL,'2019-09-06 06:49:09',NULL),(1239,NULL,NULL,NULL,NULL,NULL,'2019-09-06 06:49:10',NULL),(1240,NULL,NULL,NULL,NULL,NULL,'2019-09-06 06:49:10',NULL),(1241,NULL,NULL,NULL,NULL,NULL,'2019-09-06 06:49:10',NULL),(1242,NULL,NULL,NULL,NULL,NULL,'2019-09-06 06:49:10',NULL),(1243,NULL,NULL,NULL,NULL,NULL,'2019-09-06 06:49:10',NULL),(1244,NULL,NULL,NULL,NULL,NULL,'2019-09-06 06:49:11',NULL),(1245,NULL,NULL,NULL,NULL,NULL,'2019-09-06 06:49:11',NULL),(1246,NULL,NULL,NULL,NULL,NULL,'2019-09-06 06:49:11',NULL),(1247,NULL,NULL,NULL,NULL,NULL,'2019-09-06 08:19:12',NULL),(1248,NULL,NULL,NULL,NULL,NULL,'2019-09-06 08:39:32',NULL),(1249,NULL,NULL,NULL,NULL,NULL,'2019-09-06 08:39:35',NULL),(1250,NULL,NULL,NULL,NULL,NULL,'2019-09-06 08:41:54',NULL),(1251,NULL,NULL,NULL,NULL,NULL,'2019-09-06 08:42:36',NULL),(1252,NULL,NULL,NULL,NULL,NULL,'2019-09-06 08:44:38',NULL),(1253,NULL,NULL,NULL,NULL,NULL,'2019-09-06 08:44:39',NULL),(1254,NULL,NULL,NULL,NULL,NULL,'2019-09-06 08:44:42',NULL),(1255,NULL,NULL,NULL,NULL,NULL,'2019-09-06 08:44:43',NULL),(1256,NULL,NULL,NULL,NULL,NULL,'2019-09-06 08:47:10',NULL),(1257,NULL,NULL,NULL,NULL,NULL,'2019-09-06 08:47:10',NULL),(1258,NULL,NULL,NULL,NULL,NULL,'2019-09-06 08:47:15',NULL),(1259,NULL,NULL,NULL,NULL,NULL,'2019-09-06 08:47:16',NULL),(1260,NULL,NULL,NULL,NULL,NULL,'2019-09-06 08:47:17',NULL),(1261,NULL,NULL,NULL,NULL,NULL,'2019-09-06 08:47:24',NULL),(1262,NULL,NULL,NULL,NULL,NULL,'2019-09-06 08:47:27',NULL),(1263,NULL,NULL,NULL,NULL,NULL,'2019-09-06 08:47:28',NULL),(1264,NULL,NULL,NULL,NULL,NULL,'2019-09-06 08:47:31',NULL),(1265,NULL,NULL,NULL,NULL,NULL,'2019-09-06 08:47:33',NULL),(1266,NULL,NULL,NULL,NULL,NULL,'2019-09-06 08:47:39',NULL),(1267,NULL,NULL,NULL,NULL,NULL,'2019-09-06 08:47:42',NULL),(1268,NULL,NULL,NULL,NULL,NULL,'2019-09-06 08:47:45',NULL),(1269,NULL,NULL,NULL,NULL,NULL,'2019-09-06 08:47:48',NULL),(1270,NULL,NULL,NULL,NULL,NULL,'2019-09-06 08:47:49',NULL),(1271,NULL,NULL,NULL,NULL,NULL,'2019-09-06 08:47:54',NULL),(1272,NULL,NULL,NULL,NULL,NULL,'2019-09-06 08:47:55',NULL),(1273,NULL,NULL,NULL,NULL,NULL,'2019-09-06 08:47:57',NULL),(1274,NULL,NULL,NULL,NULL,NULL,'2019-09-06 08:48:02',NULL),(1275,NULL,NULL,NULL,NULL,NULL,'2019-09-06 08:48:04',NULL),(1276,NULL,NULL,NULL,NULL,NULL,'2019-09-06 08:48:05',NULL),(1277,NULL,NULL,NULL,NULL,NULL,'2019-09-06 08:48:09',NULL),(1278,NULL,NULL,NULL,NULL,NULL,'2019-09-06 08:48:10',NULL),(1279,NULL,NULL,NULL,NULL,NULL,'2019-09-06 08:48:12',NULL),(1280,NULL,NULL,NULL,NULL,NULL,'2019-09-06 08:48:16',NULL),(1281,NULL,NULL,NULL,NULL,NULL,'2019-09-06 08:48:18',NULL),(1282,NULL,NULL,NULL,NULL,NULL,'2019-09-06 08:48:19',NULL),(1283,NULL,NULL,NULL,NULL,NULL,'2019-09-06 08:48:24',NULL),(1284,NULL,NULL,NULL,NULL,NULL,'2019-09-06 08:48:28',NULL),(1285,NULL,NULL,NULL,NULL,NULL,'2019-09-06 08:48:28',NULL),(1286,NULL,NULL,NULL,NULL,NULL,'2019-09-06 08:48:31',NULL),(1287,NULL,NULL,NULL,NULL,NULL,'2019-09-06 08:48:36',NULL),(1288,NULL,NULL,NULL,NULL,NULL,'2019-09-06 08:48:40',NULL),(1289,NULL,NULL,NULL,NULL,NULL,'2019-09-06 08:48:40',NULL),(1290,NULL,NULL,NULL,NULL,NULL,'2019-09-06 08:48:46',NULL),(1291,NULL,NULL,NULL,NULL,NULL,'2019-09-06 08:48:56',NULL),(1292,NULL,NULL,NULL,NULL,NULL,'2019-09-06 08:49:12',NULL),(1293,NULL,NULL,NULL,NULL,NULL,'2019-09-06 08:49:29',NULL),(1294,NULL,NULL,NULL,NULL,NULL,'2019-09-06 08:49:38',NULL),(1295,NULL,NULL,NULL,NULL,NULL,'2019-09-06 08:49:39',NULL),(1296,NULL,NULL,NULL,NULL,NULL,'2019-09-06 08:49:50',NULL),(1297,NULL,NULL,NULL,NULL,NULL,'2019-09-06 08:49:50',NULL),(1298,NULL,NULL,NULL,NULL,NULL,'2019-09-06 08:50:01',NULL),(1299,NULL,NULL,NULL,NULL,NULL,'2019-09-06 08:50:03',NULL),(1300,NULL,NULL,NULL,NULL,NULL,'2019-09-06 08:50:11',NULL),(1301,NULL,NULL,NULL,NULL,NULL,'2019-09-06 08:50:14',NULL),(1302,NULL,NULL,NULL,NULL,NULL,'2019-09-06 08:50:20',NULL),(1303,NULL,NULL,NULL,NULL,NULL,'2019-09-06 08:50:25',NULL),(1304,NULL,NULL,NULL,NULL,NULL,'2019-09-06 08:50:27',NULL),(1305,NULL,NULL,NULL,NULL,NULL,'2019-09-06 08:50:31',NULL),(1306,NULL,NULL,NULL,NULL,NULL,'2019-09-06 08:50:33',NULL),(1307,NULL,NULL,NULL,NULL,NULL,'2019-09-06 08:50:34',NULL),(1308,NULL,NULL,NULL,NULL,NULL,'2019-09-06 08:52:35',NULL),(1309,NULL,NULL,NULL,NULL,NULL,'2019-09-06 08:54:40',NULL),(1310,NULL,NULL,NULL,NULL,NULL,'2019-09-06 09:32:23',NULL),(1311,NULL,NULL,NULL,NULL,NULL,'2019-09-06 09:33:49',NULL),(1312,NULL,NULL,NULL,NULL,NULL,'2019-09-06 09:34:06',NULL),(1313,NULL,NULL,NULL,NULL,NULL,'2019-09-06 09:36:04',NULL),(1314,NULL,NULL,NULL,NULL,NULL,'2019-09-06 09:39:39',NULL),(1315,NULL,NULL,NULL,NULL,NULL,'2019-09-06 09:46:01',NULL),(1316,NULL,NULL,NULL,NULL,NULL,'2019-09-06 09:46:05',NULL),(1317,NULL,NULL,NULL,NULL,NULL,'2019-09-06 09:46:16',NULL),(1318,NULL,NULL,NULL,NULL,NULL,'2019-09-06 09:46:16',NULL),(1319,NULL,NULL,NULL,NULL,NULL,'2019-09-06 09:46:24',NULL),(1320,NULL,NULL,NULL,NULL,NULL,'2019-09-06 09:46:26',NULL),(1321,NULL,NULL,NULL,NULL,NULL,'2019-09-06 09:46:26',NULL),(1322,NULL,NULL,NULL,NULL,NULL,'2019-09-06 09:46:27',NULL),(1323,NULL,NULL,NULL,NULL,NULL,'2019-09-06 09:46:29',NULL),(1324,NULL,NULL,NULL,NULL,NULL,'2019-09-06 09:46:31',NULL),(1325,NULL,NULL,NULL,NULL,NULL,'2019-09-06 09:46:31',NULL),(1326,NULL,NULL,NULL,NULL,NULL,'2019-09-06 09:46:41',NULL),(1327,NULL,NULL,NULL,NULL,NULL,'2019-09-06 09:46:42',NULL),(1328,NULL,NULL,NULL,NULL,NULL,'2019-09-06 09:51:16',NULL),(1329,NULL,NULL,NULL,NULL,NULL,'2019-09-06 10:00:18',NULL),(1330,NULL,NULL,NULL,NULL,NULL,'2019-09-06 10:03:21',NULL),(1331,NULL,NULL,NULL,NULL,NULL,'2019-09-06 10:03:41',NULL),(1332,NULL,NULL,NULL,NULL,NULL,'2019-09-06 10:04:19',NULL),(1333,NULL,NULL,NULL,NULL,NULL,'2019-09-06 10:04:58',NULL),(1334,NULL,NULL,NULL,NULL,NULL,'2019-09-06 10:23:50',NULL),(1335,NULL,NULL,NULL,NULL,NULL,'2019-09-06 10:29:28',NULL),(1336,NULL,NULL,NULL,NULL,NULL,'2019-09-06 10:42:31',NULL),(1337,NULL,NULL,NULL,NULL,NULL,'2019-09-06 10:45:08',NULL),(1338,NULL,NULL,NULL,NULL,NULL,'2019-09-06 10:45:40',NULL),(1339,NULL,NULL,NULL,NULL,NULL,'2019-09-06 10:45:59',NULL),(1340,NULL,NULL,NULL,NULL,NULL,'2019-09-06 10:49:48',NULL),(1341,NULL,NULL,NULL,NULL,NULL,'2019-09-06 10:53:07',NULL),(1342,NULL,NULL,NULL,NULL,NULL,'2019-09-06 10:53:42',NULL),(1343,NULL,NULL,NULL,NULL,NULL,'2019-09-06 11:05:11',NULL),(1344,NULL,NULL,NULL,NULL,NULL,'2019-09-06 11:11:12',NULL),(1345,NULL,NULL,NULL,NULL,NULL,'2019-09-06 11:21:16',NULL),(1346,NULL,NULL,NULL,NULL,NULL,'2019-09-06 11:23:15',NULL),(1347,NULL,NULL,NULL,NULL,NULL,'2019-09-06 11:25:57',NULL),(1348,NULL,NULL,NULL,NULL,NULL,'2019-09-06 11:33:11',NULL),(1349,NULL,NULL,NULL,NULL,NULL,'2019-09-06 11:35:32',NULL),(1350,NULL,NULL,NULL,NULL,NULL,'2019-09-06 11:38:42',NULL),(1351,NULL,NULL,NULL,NULL,NULL,'2019-09-06 11:39:59',NULL),(1352,NULL,NULL,NULL,NULL,NULL,'2019-09-06 11:40:04',NULL),(1353,NULL,NULL,NULL,NULL,NULL,'2019-09-06 11:43:15',NULL),(1354,NULL,NULL,NULL,NULL,NULL,'2019-09-06 11:45:00',NULL),(1355,NULL,NULL,NULL,NULL,NULL,'2019-09-06 11:46:00',NULL),(1356,NULL,NULL,NULL,NULL,NULL,'2019-09-06 11:56:13',NULL),(1357,NULL,NULL,NULL,NULL,NULL,'2019-09-06 12:18:26',NULL),(1358,NULL,NULL,NULL,NULL,NULL,'2019-09-06 12:20:59',NULL),(1359,NULL,NULL,NULL,NULL,NULL,'2019-09-06 12:21:49',NULL),(1360,NULL,NULL,NULL,NULL,NULL,'2019-09-06 12:24:46',NULL),(1361,NULL,NULL,NULL,NULL,NULL,'2019-09-06 12:35:21',NULL),(1362,NULL,NULL,NULL,NULL,NULL,'2019-09-06 12:41:36',NULL),(1363,NULL,NULL,NULL,NULL,NULL,'2019-09-06 12:47:53',NULL),(1364,NULL,NULL,NULL,NULL,NULL,'2019-09-06 12:48:42',NULL),(1365,NULL,NULL,NULL,NULL,NULL,'2019-09-06 13:00:15',NULL),(1366,NULL,NULL,NULL,NULL,NULL,'2019-09-06 13:12:25',NULL),(1367,NULL,NULL,NULL,NULL,NULL,'2019-09-06 13:14:46',NULL),(1368,NULL,NULL,NULL,NULL,NULL,'2019-09-06 13:17:05',NULL),(1369,NULL,NULL,NULL,NULL,NULL,'2019-09-06 14:03:06',NULL),(1370,NULL,NULL,NULL,NULL,NULL,'2019-09-06 14:04:15',NULL),(1371,NULL,NULL,NULL,NULL,NULL,'2019-09-06 14:04:25',NULL),(1372,NULL,NULL,NULL,NULL,NULL,'2019-09-06 14:04:25',NULL),(1373,NULL,NULL,NULL,NULL,NULL,'2019-09-06 14:05:27',NULL),(1374,NULL,NULL,NULL,NULL,NULL,'2019-09-06 14:05:31',NULL),(1375,NULL,NULL,NULL,NULL,NULL,'2019-09-06 14:05:59',NULL),(1376,NULL,NULL,NULL,NULL,NULL,'2019-09-06 14:07:33',NULL),(1377,NULL,NULL,NULL,NULL,NULL,'2019-09-06 14:07:54',NULL),(1378,NULL,NULL,NULL,NULL,NULL,'2019-09-06 14:09:19',NULL),(1379,NULL,NULL,NULL,NULL,NULL,'2019-09-06 14:10:04',NULL),(1380,NULL,NULL,NULL,NULL,NULL,'2019-09-06 14:13:41',NULL),(1381,NULL,NULL,NULL,NULL,NULL,'2019-09-06 14:16:14',NULL),(1382,NULL,NULL,NULL,NULL,NULL,'2019-09-06 14:19:50',NULL),(1383,NULL,NULL,NULL,NULL,NULL,'2019-09-06 14:47:41',NULL),(1384,NULL,NULL,NULL,NULL,NULL,'2019-09-06 14:47:43',NULL),(1385,NULL,NULL,NULL,NULL,NULL,'2019-09-06 14:47:45',NULL),(1386,NULL,NULL,NULL,NULL,NULL,'2019-09-06 14:48:11',NULL),(1387,NULL,NULL,NULL,NULL,NULL,'2019-09-06 14:48:15',NULL),(1388,NULL,NULL,NULL,NULL,NULL,'2019-09-06 15:21:08',NULL),(1389,NULL,NULL,NULL,NULL,NULL,'2019-09-06 15:21:15',NULL),(1390,NULL,NULL,NULL,NULL,NULL,'2019-09-06 15:23:17',NULL),(1391,NULL,NULL,NULL,NULL,NULL,'2019-09-06 15:24:05',NULL),(1392,NULL,NULL,NULL,NULL,NULL,'2019-09-06 15:29:26',NULL),(1393,NULL,NULL,NULL,NULL,NULL,'2019-09-06 15:30:37',NULL),(1394,NULL,NULL,NULL,NULL,NULL,'2019-09-06 15:38:06',NULL),(1395,NULL,NULL,NULL,NULL,NULL,'2019-09-06 15:40:03',NULL),(1396,NULL,NULL,NULL,NULL,NULL,'2019-09-06 15:42:12',NULL),(1397,NULL,NULL,NULL,NULL,NULL,'2019-09-06 15:56:06',NULL),(1398,NULL,NULL,NULL,NULL,NULL,'2019-09-06 15:58:27',NULL),(1399,NULL,NULL,NULL,NULL,NULL,'2019-09-06 16:24:01',NULL),(1400,NULL,NULL,NULL,NULL,NULL,'2019-09-06 16:25:18',NULL),(1401,NULL,NULL,NULL,NULL,NULL,'2019-09-06 16:25:53',NULL),(1402,NULL,NULL,NULL,NULL,NULL,'2019-09-06 16:27:13',NULL),(1403,NULL,NULL,NULL,NULL,NULL,'2019-09-06 16:27:24',NULL),(1404,NULL,NULL,NULL,NULL,NULL,'2019-09-06 16:29:08',NULL),(1405,NULL,NULL,NULL,NULL,NULL,'2019-09-06 16:35:38',NULL),(1406,NULL,NULL,NULL,NULL,NULL,'2019-09-06 16:40:32',NULL),(1407,NULL,NULL,NULL,NULL,NULL,'2019-09-06 16:41:01',NULL),(1408,NULL,NULL,NULL,NULL,NULL,'2019-09-06 16:43:14',NULL),(1409,NULL,NULL,NULL,NULL,NULL,'2019-09-06 16:44:59',NULL),(1410,NULL,NULL,NULL,NULL,NULL,'2019-09-06 16:45:03',NULL),(1411,NULL,NULL,NULL,NULL,NULL,'2019-09-06 16:45:28',NULL),(1412,NULL,NULL,NULL,NULL,NULL,'2019-09-06 16:59:47',NULL),(1413,NULL,NULL,NULL,NULL,NULL,'2019-09-06 17:00:43',NULL),(1414,NULL,NULL,NULL,NULL,NULL,'2019-09-06 17:01:16',NULL),(1415,NULL,NULL,NULL,NULL,NULL,'2019-09-06 18:27:38',NULL),(1416,NULL,NULL,NULL,NULL,NULL,'2019-09-06 18:41:47',NULL),(1417,NULL,NULL,NULL,NULL,NULL,'2019-09-06 18:41:48',NULL),(1418,NULL,NULL,NULL,NULL,NULL,'2019-09-06 18:42:28',NULL),(1419,NULL,NULL,NULL,NULL,NULL,'2019-09-06 18:45:15',NULL),(1420,NULL,NULL,NULL,NULL,NULL,'2019-09-06 18:46:13',NULL),(1421,NULL,NULL,NULL,NULL,NULL,'2019-09-06 18:46:14',NULL),(1422,NULL,NULL,NULL,NULL,NULL,'2019-09-06 18:47:35',NULL),(1423,NULL,NULL,NULL,NULL,NULL,'2019-09-06 18:49:02',NULL),(1424,NULL,NULL,NULL,NULL,NULL,'2019-09-06 18:49:03',NULL),(1425,NULL,NULL,NULL,NULL,NULL,'2019-09-06 18:51:32',NULL),(1426,NULL,NULL,NULL,NULL,NULL,'2019-09-06 18:53:23',NULL),(1427,NULL,NULL,NULL,NULL,NULL,'2019-09-06 18:53:44',NULL),(1428,NULL,NULL,NULL,NULL,NULL,'2019-09-06 18:54:16',NULL),(1429,NULL,NULL,NULL,NULL,NULL,'2019-09-06 18:54:23',NULL),(1430,NULL,NULL,NULL,NULL,NULL,'2019-09-06 18:54:37',NULL),(1431,NULL,NULL,NULL,NULL,NULL,'2019-09-06 18:55:12',NULL),(1432,NULL,NULL,NULL,NULL,NULL,'2019-09-06 18:59:50',NULL),(1433,NULL,NULL,NULL,NULL,NULL,'2019-09-06 19:16:46',NULL),(1434,NULL,NULL,NULL,NULL,NULL,'2019-09-06 19:20:49',NULL),(1435,NULL,NULL,NULL,NULL,NULL,'2019-09-06 19:23:12',NULL),(1436,NULL,NULL,NULL,NULL,NULL,'2019-09-06 19:28:49',NULL),(1437,NULL,NULL,NULL,NULL,NULL,'2019-09-06 19:42:08',NULL),(1438,NULL,NULL,NULL,NULL,NULL,'2019-09-06 20:04:51',NULL),(1439,NULL,NULL,NULL,NULL,NULL,'2019-09-06 20:05:58',NULL),(1440,NULL,NULL,NULL,NULL,NULL,'2019-09-06 20:08:26',NULL),(1441,NULL,NULL,NULL,NULL,NULL,'2019-09-06 20:08:50',NULL),(1442,NULL,NULL,NULL,NULL,NULL,'2019-09-06 20:13:19',NULL),(1443,NULL,NULL,NULL,NULL,NULL,'2019-09-06 20:16:04',NULL),(1444,NULL,NULL,NULL,NULL,NULL,'2019-09-06 20:17:18',NULL),(1445,NULL,NULL,NULL,NULL,NULL,'2019-09-06 20:38:42',NULL),(1446,NULL,NULL,NULL,NULL,NULL,'2019-09-06 20:40:47',NULL),(1447,NULL,NULL,NULL,NULL,NULL,'2019-09-06 20:54:49',NULL),(1448,NULL,NULL,NULL,NULL,NULL,'2019-09-06 21:01:56',NULL),(1449,NULL,NULL,NULL,NULL,NULL,'2019-09-06 21:03:59',NULL),(1450,NULL,NULL,NULL,NULL,NULL,'2019-09-06 21:06:01',NULL),(1451,NULL,NULL,NULL,NULL,NULL,'2019-09-06 21:06:24',NULL),(1452,NULL,NULL,NULL,NULL,NULL,'2019-09-06 21:10:29',NULL),(1453,NULL,NULL,NULL,NULL,NULL,'2019-09-06 21:10:38',NULL),(1454,NULL,NULL,NULL,NULL,NULL,'2019-09-06 21:12:41',NULL),(1455,NULL,NULL,NULL,NULL,NULL,'2019-09-06 21:15:52',NULL),(1456,NULL,NULL,NULL,NULL,NULL,'2019-09-06 21:16:37',NULL),(1457,NULL,NULL,NULL,NULL,NULL,'2019-09-06 21:29:42',NULL),(1458,NULL,NULL,NULL,NULL,NULL,'2019-09-06 21:29:44',NULL),(1459,NULL,NULL,NULL,NULL,NULL,'2019-09-06 21:38:39',NULL),(1460,NULL,NULL,NULL,NULL,NULL,'2019-09-06 22:30:38',NULL),(1461,NULL,NULL,NULL,NULL,NULL,'2019-09-06 22:44:06',NULL),(1462,NULL,NULL,NULL,NULL,NULL,'2019-09-06 23:01:38',NULL),(1463,NULL,NULL,NULL,NULL,NULL,'2019-09-07 02:02:54',NULL),(1464,NULL,NULL,NULL,NULL,NULL,'2019-09-07 02:04:07',NULL),(1465,NULL,NULL,NULL,NULL,NULL,'2019-09-07 07:01:17',NULL),(1466,NULL,NULL,NULL,NULL,NULL,'2019-09-07 07:29:06',NULL),(1467,NULL,NULL,NULL,NULL,NULL,'2019-09-07 07:35:06',NULL),(1468,NULL,NULL,NULL,NULL,NULL,'2019-09-07 07:36:54',NULL),(1469,NULL,NULL,NULL,NULL,NULL,'2019-09-07 07:51:41',NULL),(1470,NULL,NULL,NULL,NULL,NULL,'2019-09-07 08:00:59',NULL),(1471,NULL,NULL,NULL,NULL,NULL,'2019-09-07 08:21:07',NULL),(1472,NULL,NULL,NULL,NULL,NULL,'2019-09-07 08:41:46',NULL),(1473,NULL,NULL,NULL,NULL,NULL,'2019-09-07 09:15:38',NULL),(1474,NULL,NULL,NULL,NULL,NULL,'2019-09-07 09:15:38',NULL),(1475,NULL,NULL,NULL,NULL,NULL,'2019-09-07 09:16:37',NULL),(1476,NULL,NULL,NULL,NULL,NULL,'2019-09-07 09:19:21',NULL),(1477,NULL,NULL,NULL,NULL,NULL,'2019-09-07 09:19:50',NULL),(1478,NULL,NULL,NULL,NULL,NULL,'2019-09-07 09:40:30',NULL),(1479,NULL,NULL,NULL,NULL,NULL,'2019-09-07 09:43:45',NULL),(1480,NULL,NULL,NULL,NULL,NULL,'2019-09-07 09:53:11',NULL),(1481,NULL,NULL,NULL,NULL,NULL,'2019-09-07 10:18:08',NULL),(1482,NULL,NULL,NULL,NULL,NULL,'2019-09-07 10:49:24',NULL),(1483,NULL,NULL,NULL,NULL,NULL,'2019-09-07 10:49:42',NULL),(1484,NULL,NULL,NULL,NULL,NULL,'2019-09-07 10:49:52',NULL),(1485,NULL,NULL,NULL,NULL,NULL,'2019-09-07 11:04:29',NULL),(1486,NULL,NULL,NULL,NULL,NULL,'2019-09-07 11:10:20',NULL),(1487,NULL,NULL,NULL,NULL,NULL,'2019-09-07 11:10:21',NULL),(1488,NULL,NULL,NULL,NULL,NULL,'2019-09-07 11:10:31',NULL),(1489,NULL,NULL,NULL,NULL,NULL,'2019-09-07 11:11:27',NULL),(1490,NULL,NULL,NULL,NULL,NULL,'2019-09-07 11:36:50',NULL),(1491,NULL,NULL,NULL,NULL,NULL,'2019-09-07 11:42:09',NULL),(1492,NULL,NULL,NULL,NULL,NULL,'2019-09-07 11:42:10',NULL),(1493,NULL,NULL,NULL,NULL,NULL,'2019-09-07 11:42:10',NULL),(1494,NULL,NULL,NULL,NULL,NULL,'2019-09-07 13:02:50',NULL),(1495,NULL,NULL,NULL,NULL,NULL,'2019-09-07 13:06:04',NULL),(1496,NULL,NULL,NULL,NULL,NULL,'2019-09-07 13:06:27',NULL),(1497,NULL,NULL,NULL,NULL,NULL,'2019-09-07 13:20:02',NULL),(1498,NULL,NULL,NULL,NULL,NULL,'2019-09-07 14:42:13',NULL),(1499,NULL,NULL,NULL,NULL,NULL,'2019-09-07 14:49:55',NULL),(1500,NULL,NULL,NULL,NULL,NULL,'2019-09-07 15:14:15',NULL),(1501,NULL,NULL,NULL,NULL,NULL,'2019-09-07 15:24:27',NULL),(1502,NULL,NULL,NULL,NULL,NULL,'2019-09-07 15:29:12',NULL),(1503,NULL,NULL,NULL,NULL,NULL,'2019-09-07 15:50:03',NULL),(1504,NULL,NULL,NULL,NULL,NULL,'2019-09-07 15:50:06',NULL),(1505,NULL,NULL,NULL,NULL,NULL,'2019-09-07 15:50:07',NULL),(1506,NULL,NULL,NULL,NULL,NULL,'2019-09-07 15:50:30',NULL),(1507,NULL,NULL,NULL,NULL,NULL,'2019-09-07 15:50:34',NULL),(1508,NULL,NULL,NULL,NULL,NULL,'2019-09-07 16:12:37',NULL),(1509,NULL,NULL,NULL,NULL,NULL,'2019-09-07 16:18:59',NULL),(1510,NULL,NULL,NULL,NULL,NULL,'2019-09-07 16:25:59',NULL),(1511,NULL,NULL,NULL,NULL,NULL,'2019-09-07 17:20:47',NULL),(1512,NULL,NULL,NULL,NULL,NULL,'2019-09-07 17:30:37',NULL),(1513,NULL,NULL,NULL,NULL,NULL,'2019-09-07 18:44:41',NULL),(1514,NULL,NULL,NULL,NULL,NULL,'2019-09-07 18:49:56',NULL),(1515,NULL,NULL,NULL,NULL,NULL,'2019-09-07 18:51:29',NULL),(1516,NULL,NULL,NULL,NULL,NULL,'2019-09-07 19:16:02',NULL),(1517,NULL,NULL,NULL,NULL,NULL,'2019-09-07 19:27:02',NULL),(1518,NULL,NULL,NULL,NULL,NULL,'2019-09-07 19:41:48',NULL),(1519,NULL,NULL,NULL,NULL,NULL,'2019-09-07 20:46:47',NULL),(1520,NULL,NULL,NULL,NULL,NULL,'2019-09-07 21:54:41',NULL),(1521,NULL,NULL,NULL,NULL,NULL,'2019-09-07 22:19:34',NULL),(1522,NULL,NULL,NULL,NULL,NULL,'2019-09-07 22:22:04',NULL),(1523,NULL,NULL,NULL,NULL,NULL,'2019-09-07 22:33:36',NULL),(1524,NULL,NULL,NULL,NULL,NULL,'2019-09-07 22:35:55',NULL),(1525,NULL,NULL,NULL,NULL,NULL,'2019-09-07 22:53:25',NULL),(1526,NULL,NULL,NULL,NULL,NULL,'2019-09-08 00:51:33',NULL),(1527,NULL,NULL,NULL,NULL,NULL,'2019-09-08 04:08:17',NULL),(1528,NULL,NULL,NULL,NULL,NULL,'2019-09-08 04:09:22',NULL),(1529,NULL,NULL,NULL,NULL,NULL,'2019-09-08 04:10:33',NULL),(1530,NULL,NULL,NULL,NULL,NULL,'2019-09-08 04:10:37',NULL),(1531,NULL,NULL,NULL,NULL,NULL,'2019-09-08 04:13:10',NULL),(1532,NULL,NULL,NULL,NULL,NULL,'2019-09-08 04:19:01',NULL),(1533,NULL,NULL,NULL,NULL,NULL,'2019-09-08 04:19:59',NULL),(1534,NULL,NULL,NULL,NULL,NULL,'2019-09-08 04:22:00',NULL),(1535,NULL,NULL,NULL,NULL,NULL,'2019-09-08 04:23:19',NULL),(1536,NULL,NULL,NULL,NULL,NULL,'2019-09-08 04:25:18',NULL),(1537,NULL,NULL,NULL,NULL,NULL,'2019-09-08 04:26:33',NULL),(1538,NULL,NULL,NULL,NULL,NULL,'2019-09-08 04:45:31',NULL),(1539,NULL,NULL,NULL,NULL,NULL,'2019-09-08 04:45:31',NULL),(1540,NULL,NULL,NULL,NULL,NULL,'2019-09-08 04:45:31',NULL),(1541,NULL,NULL,NULL,NULL,NULL,'2019-09-08 04:45:31',NULL),(1542,NULL,NULL,NULL,NULL,NULL,'2019-09-08 04:45:50',NULL),(1543,NULL,NULL,NULL,NULL,NULL,'2019-09-08 05:15:31',NULL),(1544,NULL,NULL,NULL,NULL,NULL,'2019-09-08 05:25:23',NULL),(1545,NULL,NULL,NULL,NULL,NULL,'2019-09-08 05:44:18',NULL),(1546,NULL,NULL,NULL,NULL,NULL,'2019-09-08 05:56:54',NULL),(1547,NULL,NULL,NULL,NULL,NULL,'2019-09-08 05:57:08',NULL),(1548,NULL,NULL,NULL,NULL,NULL,'2019-09-08 05:57:13',NULL),(1549,NULL,NULL,NULL,NULL,NULL,'2019-09-08 06:32:48',NULL),(1550,NULL,NULL,NULL,NULL,NULL,'2019-09-08 07:39:53',NULL),(1551,NULL,NULL,NULL,NULL,NULL,'2019-09-08 07:48:56',NULL),(1552,NULL,NULL,NULL,NULL,NULL,'2019-09-08 07:58:58',NULL),(1553,NULL,NULL,NULL,NULL,NULL,'2019-09-08 08:34:35',NULL),(1554,NULL,NULL,NULL,NULL,NULL,'2019-09-08 08:35:33',NULL),(1555,NULL,NULL,NULL,NULL,NULL,'2019-09-08 09:20:54',NULL),(1556,NULL,NULL,NULL,NULL,NULL,'2019-09-08 09:22:43',NULL),(1557,NULL,NULL,NULL,NULL,NULL,'2019-09-08 09:22:48',NULL),(1558,NULL,NULL,NULL,NULL,NULL,'2019-09-08 09:23:46',NULL),(1559,NULL,NULL,NULL,NULL,NULL,'2019-09-08 09:23:50',NULL),(1560,NULL,NULL,NULL,NULL,NULL,'2019-09-08 09:27:48',NULL),(1561,NULL,NULL,NULL,NULL,NULL,'2019-09-08 09:27:53',NULL),(1562,NULL,NULL,NULL,NULL,NULL,'2019-09-08 09:36:23',NULL),(1563,NULL,NULL,NULL,NULL,NULL,'2019-09-08 09:37:53',NULL),(1564,NULL,NULL,NULL,NULL,NULL,'2019-09-08 09:38:14',NULL),(1565,NULL,NULL,NULL,NULL,NULL,'2019-09-08 09:39:59',NULL),(1566,NULL,NULL,NULL,NULL,NULL,'2019-09-08 09:42:43',NULL),(1567,NULL,NULL,NULL,NULL,NULL,'2019-09-08 09:42:52',NULL),(1568,NULL,NULL,NULL,NULL,NULL,'2019-09-08 09:47:55',NULL),(1569,NULL,NULL,NULL,NULL,NULL,'2019-09-08 09:49:49',NULL),(1570,NULL,NULL,NULL,NULL,NULL,'2019-09-08 09:52:30',NULL),(1571,NULL,NULL,NULL,NULL,NULL,'2019-09-08 09:53:19',NULL),(1572,NULL,NULL,NULL,NULL,NULL,'2019-09-08 09:53:46',NULL),(1573,NULL,NULL,NULL,NULL,NULL,'2019-09-08 09:54:00',NULL),(1574,NULL,NULL,NULL,NULL,NULL,'2019-09-08 09:54:18',NULL),(1575,NULL,NULL,NULL,NULL,NULL,'2019-09-08 09:54:31',NULL),(1576,NULL,NULL,NULL,NULL,NULL,'2019-09-08 09:56:04',NULL),(1577,NULL,NULL,NULL,NULL,NULL,'2019-09-08 10:12:29',NULL),(1578,NULL,NULL,NULL,NULL,NULL,'2019-09-08 10:13:20',NULL),(1579,NULL,NULL,NULL,NULL,NULL,'2019-09-08 10:13:52',NULL),(1580,NULL,NULL,NULL,NULL,NULL,'2019-09-08 10:15:01',NULL),(1581,NULL,NULL,NULL,NULL,NULL,'2019-09-08 10:24:01',NULL),(1582,NULL,NULL,NULL,NULL,NULL,'2019-09-08 10:24:47',NULL),(1583,NULL,NULL,NULL,NULL,NULL,'2019-09-08 10:24:54',NULL),(1584,NULL,NULL,NULL,NULL,NULL,'2019-09-08 10:58:48',NULL),(1585,NULL,NULL,NULL,NULL,NULL,'2019-09-08 11:03:26',NULL),(1586,NULL,NULL,NULL,NULL,NULL,'2019-09-08 11:04:02',NULL),(1587,NULL,NULL,NULL,NULL,NULL,'2019-09-08 11:05:24',NULL),(1588,NULL,NULL,NULL,NULL,NULL,'2019-09-08 11:44:28',NULL),(1589,NULL,NULL,NULL,NULL,NULL,'2019-09-08 11:52:47',NULL),(1590,NULL,NULL,NULL,NULL,NULL,'2019-09-08 11:55:06',NULL),(1591,NULL,NULL,NULL,NULL,NULL,'2019-09-08 12:00:22',NULL),(1592,NULL,NULL,NULL,NULL,NULL,'2019-09-08 12:00:27',NULL),(1593,NULL,NULL,NULL,NULL,NULL,'2019-09-08 12:03:13',NULL),(1594,NULL,NULL,NULL,NULL,NULL,'2019-09-08 12:03:16',NULL),(1595,NULL,NULL,NULL,NULL,NULL,'2019-09-08 12:04:40',NULL),(1596,NULL,NULL,NULL,NULL,NULL,'2019-09-08 12:04:44',NULL),(1597,NULL,NULL,NULL,NULL,NULL,'2019-09-08 12:05:10',NULL),(1598,NULL,NULL,NULL,NULL,NULL,'2019-09-08 12:06:58',NULL),(1599,NULL,NULL,NULL,NULL,NULL,'2019-09-08 12:08:14',NULL),(1600,NULL,NULL,NULL,NULL,NULL,'2019-09-08 12:08:19',NULL),(1601,NULL,NULL,NULL,NULL,NULL,'2019-09-08 12:11:51',NULL),(1602,NULL,NULL,NULL,NULL,NULL,'2019-09-08 12:30:10',NULL),(1603,NULL,NULL,NULL,NULL,NULL,'2019-09-08 13:26:24',NULL),(1604,NULL,NULL,NULL,NULL,NULL,'2019-09-08 13:33:43',NULL),(1605,NULL,NULL,NULL,NULL,NULL,'2019-09-08 14:01:56',NULL),(1606,NULL,NULL,NULL,NULL,NULL,'2019-09-08 14:23:02',NULL),(1607,NULL,NULL,NULL,NULL,NULL,'2019-09-08 14:23:02',NULL),(1608,NULL,NULL,NULL,NULL,NULL,'2019-09-08 14:30:30',NULL),(1609,NULL,NULL,NULL,NULL,NULL,'2019-09-08 14:41:04',NULL),(1610,NULL,NULL,NULL,NULL,NULL,'2019-09-08 14:51:43',NULL),(1611,NULL,NULL,NULL,NULL,NULL,'2019-09-08 15:54:45',NULL),(1612,NULL,NULL,NULL,NULL,NULL,'2019-09-08 15:54:47',NULL),(1613,NULL,NULL,NULL,NULL,NULL,'2019-09-08 15:54:49',NULL),(1614,NULL,NULL,NULL,NULL,NULL,'2019-09-08 15:55:11',NULL),(1615,NULL,NULL,NULL,NULL,NULL,'2019-09-08 15:55:16',NULL),(1616,NULL,NULL,NULL,NULL,NULL,'2019-09-08 16:55:36',NULL),(1617,NULL,NULL,NULL,NULL,NULL,'2019-09-08 16:56:30',NULL),(1618,NULL,NULL,NULL,NULL,NULL,'2019-09-08 18:14:25',NULL),(1619,NULL,NULL,NULL,NULL,NULL,'2019-09-08 20:09:43',NULL),(1620,NULL,NULL,NULL,NULL,NULL,'2019-09-08 20:36:13',NULL),(1621,NULL,NULL,NULL,NULL,NULL,'2019-09-08 20:36:13',NULL),(1622,NULL,NULL,NULL,NULL,NULL,'2019-09-08 21:28:49',NULL),(1623,NULL,NULL,NULL,NULL,NULL,'2019-09-08 21:30:06',NULL),(1624,NULL,NULL,NULL,NULL,NULL,'2019-09-08 21:30:28',NULL),(1625,NULL,NULL,NULL,NULL,NULL,'2019-09-08 21:30:36',NULL),(1626,NULL,NULL,NULL,NULL,NULL,'2019-09-08 21:30:55',NULL),(1627,NULL,NULL,NULL,NULL,NULL,'2019-09-08 21:31:09',NULL),(1628,NULL,NULL,NULL,NULL,NULL,'2019-09-08 21:31:52',NULL),(1629,NULL,NULL,NULL,NULL,NULL,'2019-09-08 21:32:34',NULL),(1630,NULL,NULL,NULL,NULL,NULL,'2019-09-08 21:33:39',NULL),(1631,NULL,NULL,NULL,NULL,NULL,'2019-09-08 21:33:40',NULL),(1632,NULL,NULL,NULL,NULL,NULL,'2019-09-08 21:38:49',NULL),(1633,NULL,NULL,NULL,NULL,NULL,'2019-09-08 21:39:13',NULL),(1634,NULL,NULL,NULL,NULL,NULL,'2019-09-08 21:41:42',NULL),(1635,NULL,NULL,NULL,NULL,NULL,'2019-09-08 21:43:35',NULL),(1636,NULL,NULL,NULL,NULL,NULL,'2019-09-08 21:43:36',NULL),(1637,NULL,NULL,NULL,NULL,NULL,'2019-09-08 21:47:35',NULL),(1638,NULL,NULL,NULL,NULL,NULL,'2019-09-08 21:48:14',NULL),(1639,NULL,NULL,NULL,NULL,NULL,'2019-09-08 22:01:34',NULL),(1640,NULL,NULL,NULL,NULL,NULL,'2019-09-08 22:02:04',NULL),(1641,NULL,NULL,NULL,NULL,NULL,'2019-09-09 01:02:08',NULL),(1642,NULL,NULL,NULL,NULL,NULL,'2019-09-09 01:13:03',NULL),(1643,NULL,NULL,NULL,NULL,NULL,'2019-09-09 06:33:00',NULL),(1644,NULL,NULL,NULL,NULL,NULL,'2019-09-09 06:33:41',NULL),(1645,NULL,NULL,NULL,NULL,NULL,'2019-09-09 06:33:41',NULL),(1646,NULL,NULL,NULL,NULL,NULL,'2019-09-09 06:33:41',NULL),(1647,NULL,NULL,NULL,NULL,NULL,'2019-09-09 06:33:41',NULL),(1648,NULL,NULL,NULL,NULL,NULL,'2019-09-09 06:33:41',NULL),(1649,NULL,NULL,NULL,NULL,NULL,'2019-09-09 06:33:42',NULL),(1650,NULL,NULL,NULL,NULL,NULL,'2019-09-09 06:33:42',NULL),(1651,NULL,NULL,NULL,NULL,NULL,'2019-09-09 06:33:42',NULL),(1652,NULL,NULL,NULL,NULL,NULL,'2019-09-09 06:33:42',NULL),(1653,NULL,NULL,NULL,NULL,NULL,'2019-09-09 06:33:43',NULL),(1654,NULL,NULL,NULL,NULL,NULL,'2019-09-09 06:33:43',NULL),(1655,NULL,NULL,NULL,NULL,NULL,'2019-09-09 06:33:43',NULL),(1656,NULL,NULL,NULL,NULL,NULL,'2019-09-09 06:37:28',NULL),(1657,NULL,NULL,NULL,NULL,NULL,'2019-09-09 06:59:49',NULL),(1658,NULL,NULL,NULL,NULL,NULL,'2019-09-09 07:47:12',NULL),(1659,NULL,NULL,NULL,NULL,NULL,'2019-09-09 07:53:59',NULL),(1660,NULL,NULL,NULL,NULL,NULL,'2019-09-09 08:14:36',NULL),(1661,NULL,NULL,NULL,NULL,NULL,'2019-09-09 08:14:37',NULL),(1662,NULL,NULL,NULL,NULL,NULL,'2019-09-09 08:51:43',NULL),(1663,NULL,NULL,NULL,NULL,NULL,'2019-09-09 08:56:23',NULL),(1664,NULL,NULL,NULL,NULL,NULL,'2019-09-09 08:58:23',NULL),(1665,NULL,NULL,NULL,NULL,NULL,'2019-09-09 08:58:36',NULL),(1666,NULL,NULL,NULL,NULL,NULL,'2019-09-09 09:09:44',NULL),(1667,NULL,NULL,NULL,NULL,NULL,'2019-09-09 09:11:14',NULL),(1668,NULL,NULL,NULL,NULL,NULL,'2019-09-09 09:32:34',NULL),(1669,NULL,NULL,NULL,NULL,NULL,'2019-09-09 09:33:22',NULL),(1670,NULL,NULL,NULL,NULL,NULL,'2019-09-09 09:35:12',NULL),(1671,NULL,NULL,NULL,NULL,NULL,'2019-09-09 09:35:19',NULL),(1672,NULL,NULL,NULL,NULL,NULL,'2019-09-09 09:35:29',NULL),(1673,NULL,NULL,NULL,NULL,NULL,'2019-09-09 09:39:01',NULL),(1674,NULL,NULL,NULL,NULL,NULL,'2019-09-09 09:39:01',NULL),(1675,NULL,NULL,NULL,NULL,NULL,'2019-09-09 09:46:02',NULL),(1676,NULL,NULL,NULL,NULL,NULL,'2019-09-09 09:49:59',NULL),(1677,NULL,NULL,NULL,NULL,NULL,'2019-09-09 09:50:49',NULL),(1678,NULL,NULL,NULL,NULL,NULL,'2019-09-09 09:50:54',NULL),(1679,NULL,NULL,NULL,NULL,NULL,'2019-09-09 09:52:04',NULL),(1680,NULL,NULL,NULL,NULL,NULL,'2019-09-09 09:52:39',NULL),(1681,NULL,NULL,NULL,NULL,NULL,'2019-09-09 10:10:23',NULL),(1682,NULL,NULL,NULL,NULL,NULL,'2019-09-09 10:10:23',NULL),(1683,NULL,NULL,NULL,NULL,NULL,'2019-09-09 10:16:24',NULL),(1684,NULL,NULL,NULL,NULL,NULL,'2019-09-09 10:19:58',NULL),(1685,NULL,NULL,NULL,NULL,NULL,'2019-09-09 10:41:27',NULL),(1686,NULL,NULL,NULL,NULL,NULL,'2019-09-09 10:44:15',NULL),(1687,NULL,NULL,NULL,NULL,NULL,'2019-09-09 10:44:52',NULL),(1688,NULL,NULL,NULL,NULL,NULL,'2019-09-09 10:45:29',NULL),(1689,NULL,NULL,NULL,NULL,NULL,'2019-09-09 10:45:56',NULL),(1690,NULL,NULL,NULL,NULL,NULL,'2019-09-09 11:01:14',NULL),(1691,NULL,NULL,NULL,NULL,NULL,'2019-09-09 11:03:46',NULL),(1692,NULL,NULL,NULL,NULL,NULL,'2019-09-09 11:03:46',NULL),(1693,NULL,NULL,NULL,NULL,NULL,'2019-09-09 11:04:04',NULL),(1694,NULL,NULL,NULL,NULL,NULL,'2019-09-09 11:16:31',NULL),(1695,NULL,NULL,NULL,NULL,NULL,'2019-09-09 11:26:47',NULL),(1696,NULL,NULL,NULL,NULL,NULL,'2019-09-09 11:27:24',NULL),(1697,NULL,NULL,NULL,NULL,NULL,'2019-09-09 11:27:48',NULL),(1698,NULL,NULL,NULL,NULL,NULL,'2019-09-09 11:28:19',NULL),(1699,NULL,NULL,NULL,NULL,NULL,'2019-09-09 11:29:51',NULL),(1700,NULL,NULL,NULL,NULL,NULL,'2019-09-09 11:30:20',NULL),(1701,NULL,NULL,NULL,NULL,NULL,'2019-09-09 11:31:14',NULL),(1702,NULL,NULL,NULL,NULL,NULL,'2019-09-09 11:31:39',NULL),(1703,NULL,NULL,NULL,NULL,NULL,'2019-09-09 11:53:24',NULL),(1704,NULL,NULL,NULL,NULL,NULL,'2019-09-09 11:57:49',NULL),(1705,NULL,NULL,NULL,NULL,NULL,'2019-09-09 12:47:02',NULL),(1706,NULL,NULL,NULL,NULL,NULL,'2019-09-09 12:52:10',NULL),(1707,NULL,NULL,NULL,NULL,NULL,'2019-09-09 13:01:09',NULL),(1708,NULL,NULL,NULL,NULL,NULL,'2019-09-09 13:29:03',NULL),(1709,NULL,NULL,NULL,NULL,NULL,'2019-09-09 13:30:17',NULL),(1710,NULL,NULL,NULL,NULL,NULL,'2019-09-09 13:56:22',NULL),(1711,NULL,NULL,NULL,NULL,NULL,'2019-09-09 13:58:22',NULL),(1712,NULL,NULL,NULL,NULL,NULL,'2019-09-09 14:22:21',NULL),(1713,NULL,NULL,NULL,NULL,NULL,'2019-09-09 14:24:57',NULL),(1714,NULL,NULL,NULL,NULL,NULL,'2019-09-09 14:27:31',NULL),(1715,NULL,NULL,NULL,NULL,NULL,'2019-09-09 14:28:37',NULL),(1716,NULL,NULL,NULL,NULL,NULL,'2019-09-09 14:29:27',NULL),(1717,NULL,NULL,NULL,NULL,NULL,'2019-09-09 14:30:31',NULL),(1718,NULL,NULL,NULL,NULL,NULL,'2019-09-09 14:30:35',NULL),(1719,NULL,NULL,NULL,NULL,NULL,'2019-09-09 15:12:04',NULL),(1720,NULL,NULL,NULL,NULL,NULL,'2019-09-09 15:18:25',NULL),(1721,NULL,NULL,NULL,NULL,NULL,'2019-09-09 15:22:21',NULL),(1722,NULL,NULL,NULL,NULL,NULL,'2019-09-09 15:22:23',NULL),(1723,NULL,NULL,NULL,NULL,NULL,'2019-09-09 15:22:25',NULL),(1724,NULL,NULL,NULL,NULL,NULL,'2019-09-09 15:22:48',NULL),(1725,NULL,NULL,NULL,NULL,NULL,'2019-09-09 15:22:51',NULL),(1726,NULL,NULL,NULL,NULL,NULL,'2019-09-09 15:22:53',NULL),(1727,NULL,NULL,NULL,NULL,NULL,'2019-09-09 16:45:18',NULL),(1728,NULL,NULL,NULL,NULL,NULL,'2019-09-09 16:48:59',NULL),(1729,NULL,NULL,NULL,NULL,NULL,'2019-09-09 16:55:29',NULL),(1730,NULL,NULL,NULL,NULL,NULL,'2019-09-09 16:55:45',NULL),(1731,NULL,NULL,NULL,NULL,NULL,'2019-09-09 16:56:14',NULL),(1732,NULL,NULL,NULL,NULL,NULL,'2019-09-09 16:56:29',NULL),(1733,NULL,NULL,NULL,NULL,NULL,'2019-09-09 16:56:30',NULL),(1734,NULL,NULL,NULL,NULL,NULL,'2019-09-09 16:57:27',NULL),(1735,NULL,NULL,NULL,NULL,NULL,'2019-09-09 17:25:02',NULL),(1736,NULL,NULL,NULL,NULL,NULL,'2019-09-09 17:38:08',NULL),(1737,NULL,NULL,NULL,NULL,NULL,'2019-09-09 18:04:38',NULL),(1738,NULL,NULL,NULL,NULL,NULL,'2019-09-09 18:28:04',NULL),(1739,NULL,NULL,NULL,NULL,NULL,'2019-09-09 19:28:08',NULL),(1740,NULL,NULL,NULL,NULL,NULL,'2019-09-09 19:29:57',NULL),(1741,NULL,NULL,NULL,NULL,NULL,'2019-09-09 19:56:48',NULL),(1742,NULL,NULL,NULL,NULL,NULL,'2019-09-09 19:57:29',NULL),(1743,NULL,NULL,NULL,NULL,NULL,'2019-09-09 19:57:46',NULL),(1744,NULL,NULL,NULL,NULL,NULL,'2019-09-09 21:15:32',NULL),(1745,NULL,NULL,NULL,NULL,NULL,'2019-09-09 21:15:57',NULL),(1746,NULL,NULL,NULL,NULL,NULL,'2019-09-09 21:16:55',NULL),(1747,NULL,NULL,NULL,NULL,NULL,'2019-09-09 21:17:50',NULL),(1748,NULL,NULL,NULL,NULL,NULL,'2019-09-09 21:17:50',NULL),(1749,NULL,NULL,NULL,NULL,NULL,'2019-09-09 21:18:38',NULL),(1750,NULL,NULL,NULL,NULL,NULL,'2019-09-09 22:17:53',NULL),(1751,NULL,NULL,NULL,NULL,NULL,'2019-09-09 22:22:38',NULL),(1752,NULL,NULL,NULL,NULL,NULL,'2019-09-09 23:33:20',NULL),(1753,NULL,NULL,NULL,NULL,NULL,'2019-09-09 23:44:48',NULL),(1754,NULL,NULL,NULL,NULL,NULL,'2019-09-10 00:13:03',NULL),(1755,NULL,NULL,NULL,NULL,NULL,'2019-09-10 01:17:18',NULL),(1756,NULL,NULL,NULL,NULL,NULL,'2019-09-10 06:40:27',NULL),(1757,NULL,NULL,NULL,NULL,NULL,'2019-09-10 06:45:17',NULL),(1758,NULL,NULL,NULL,NULL,NULL,'2019-09-10 07:25:12',NULL),(1759,NULL,NULL,NULL,NULL,NULL,'2019-09-10 07:40:58',NULL),(1760,NULL,NULL,NULL,NULL,NULL,'2019-09-10 08:15:24',NULL),(1761,NULL,NULL,NULL,NULL,NULL,'2019-09-10 08:16:47',NULL),(1762,NULL,NULL,NULL,NULL,NULL,'2019-09-10 08:23:29',NULL),(1763,NULL,NULL,NULL,NULL,NULL,'2019-09-10 08:23:42',NULL),(1764,NULL,NULL,NULL,NULL,NULL,'2019-09-10 09:34:26',NULL),(1765,NULL,NULL,NULL,NULL,NULL,'2019-09-10 09:40:17',NULL),(1766,NULL,NULL,NULL,NULL,NULL,'2019-09-10 09:55:19',NULL),(1767,NULL,NULL,NULL,NULL,NULL,'2019-09-10 10:27:13',NULL),(1768,NULL,NULL,NULL,NULL,NULL,'2019-09-10 10:42:30',NULL),(1769,NULL,NULL,NULL,NULL,NULL,'2019-09-10 10:51:27',NULL),(1770,NULL,NULL,NULL,NULL,NULL,'2019-09-10 10:51:28',NULL),(1771,NULL,NULL,NULL,NULL,NULL,'2019-09-10 10:58:44',NULL),(1772,NULL,NULL,NULL,NULL,NULL,'2019-09-10 10:59:31',NULL),(1773,NULL,NULL,NULL,NULL,NULL,'2019-09-10 11:00:17',NULL),(1774,NULL,NULL,NULL,NULL,NULL,'2019-09-10 11:06:19',NULL),(1775,NULL,NULL,NULL,NULL,NULL,'2019-09-10 11:22:33',NULL),(1776,NULL,NULL,NULL,NULL,NULL,'2019-09-10 11:23:39',NULL),(1777,NULL,NULL,NULL,NULL,NULL,'2019-09-10 11:31:02',NULL),(1778,NULL,NULL,NULL,NULL,NULL,'2019-09-10 12:03:03',NULL),(1779,NULL,NULL,NULL,NULL,NULL,'2019-09-10 12:45:46',NULL),(1780,NULL,NULL,NULL,NULL,NULL,'2019-09-10 12:52:25',NULL),(1781,NULL,NULL,NULL,NULL,NULL,'2019-09-10 12:53:44',NULL),(1782,NULL,NULL,NULL,NULL,NULL,'2019-09-10 13:24:13',NULL),(1783,NULL,NULL,NULL,NULL,NULL,'2019-09-10 13:45:11',NULL),(1784,NULL,NULL,NULL,NULL,NULL,'2019-09-10 13:45:14',NULL),(1785,NULL,NULL,NULL,NULL,NULL,'2019-09-10 13:54:27',NULL),(1786,NULL,NULL,NULL,NULL,NULL,'2019-09-10 14:10:47',NULL),(1787,NULL,NULL,NULL,NULL,NULL,'2019-09-10 14:13:49',NULL),(1788,NULL,NULL,NULL,NULL,NULL,'2019-09-10 14:14:46',NULL),(1789,NULL,NULL,NULL,NULL,NULL,'2019-09-10 14:17:15',NULL),(1790,NULL,NULL,NULL,NULL,NULL,'2019-09-10 14:18:21',NULL),(1791,NULL,NULL,NULL,NULL,NULL,'2019-09-10 14:18:27',NULL),(1792,NULL,NULL,NULL,NULL,NULL,'2019-09-10 14:18:52',NULL),(1793,NULL,NULL,NULL,NULL,NULL,'2019-09-10 14:32:27',NULL),(1794,NULL,NULL,NULL,NULL,NULL,'2019-09-10 14:36:56',NULL),(1795,NULL,NULL,NULL,NULL,NULL,'2019-09-10 14:47:36',NULL),(1796,NULL,NULL,NULL,NULL,NULL,'2019-09-10 14:53:33',NULL),(1797,NULL,NULL,NULL,NULL,NULL,'2019-09-10 15:58:45',NULL),(1798,NULL,NULL,NULL,NULL,NULL,'2019-09-10 15:58:47',NULL),(1799,NULL,NULL,NULL,NULL,NULL,'2019-09-10 15:58:49',NULL),(1800,NULL,NULL,NULL,NULL,NULL,'2019-09-10 15:59:12',NULL),(1801,NULL,NULL,NULL,NULL,NULL,'2019-09-10 15:59:16',NULL),(1802,NULL,NULL,NULL,NULL,NULL,'2019-09-10 16:41:47',NULL),(1803,NULL,NULL,NULL,NULL,NULL,'2019-09-10 17:15:35',NULL),(1804,NULL,NULL,NULL,NULL,NULL,'2019-09-10 17:54:54',NULL),(1805,NULL,NULL,NULL,NULL,NULL,'2019-09-10 17:54:59',NULL),(1806,NULL,NULL,NULL,NULL,NULL,'2019-09-10 17:55:02',NULL),(1807,NULL,NULL,NULL,NULL,NULL,'2019-09-10 17:56:00',NULL),(1808,NULL,NULL,NULL,NULL,NULL,'2019-09-10 18:26:35',NULL),(1809,NULL,NULL,NULL,NULL,NULL,'2019-09-10 18:30:25',NULL),(1810,NULL,NULL,NULL,NULL,NULL,'2019-09-10 18:46:12',NULL),(1811,NULL,NULL,NULL,NULL,NULL,'2019-09-10 18:47:46',NULL),(1812,NULL,NULL,NULL,NULL,NULL,'2019-09-10 18:47:58',NULL),(1813,NULL,NULL,NULL,NULL,NULL,'2019-09-10 18:48:04',NULL),(1814,NULL,NULL,NULL,NULL,NULL,'2019-09-10 18:48:12',NULL),(1815,NULL,NULL,NULL,NULL,NULL,'2019-09-10 18:48:47',NULL),(1816,NULL,NULL,NULL,NULL,NULL,'2019-09-10 18:49:11',NULL),(1817,NULL,NULL,NULL,NULL,NULL,'2019-09-10 19:02:59',NULL),(1818,NULL,NULL,NULL,NULL,NULL,'2019-09-10 19:04:35',NULL),(1819,NULL,NULL,NULL,NULL,NULL,'2019-09-10 19:07:41',NULL),(1820,NULL,NULL,NULL,NULL,NULL,'2019-09-10 19:28:43',NULL),(1821,NULL,NULL,NULL,NULL,NULL,'2019-09-10 19:31:36',NULL),(1822,NULL,NULL,NULL,NULL,NULL,'2019-09-10 19:47:07',NULL),(1823,NULL,NULL,NULL,NULL,NULL,'2019-09-10 19:54:44',NULL),(1824,NULL,NULL,NULL,NULL,NULL,'2019-09-10 20:42:25',NULL),(1825,NULL,NULL,NULL,NULL,NULL,'2019-09-10 23:43:03',NULL),(1826,NULL,NULL,NULL,NULL,NULL,'2019-09-10 23:45:55',NULL),(1827,NULL,NULL,NULL,NULL,NULL,'2019-09-11 06:02:37',NULL),(1828,NULL,NULL,NULL,NULL,NULL,'2019-09-11 07:45:22',NULL),(1829,NULL,NULL,NULL,NULL,NULL,'2019-09-11 08:24:53',NULL),(1830,NULL,NULL,NULL,NULL,NULL,'2019-09-11 09:24:05',NULL),(1831,NULL,NULL,NULL,NULL,NULL,'2019-09-11 09:46:57',NULL),(1832,NULL,NULL,NULL,NULL,NULL,'2019-09-11 09:49:08',NULL),(1833,NULL,NULL,NULL,NULL,NULL,'2019-09-11 09:56:12',NULL),(1834,NULL,NULL,NULL,NULL,NULL,'2019-09-11 09:57:57',NULL),(1835,NULL,NULL,NULL,NULL,NULL,'2019-09-11 10:22:10',NULL),(1836,NULL,NULL,NULL,NULL,NULL,'2019-09-11 10:36:10',NULL),(1837,'Indonesia','ID','East Java','Madiun','182.253.188.146','2019-09-11 10:45:02',NULL),(1838,'United States','US','','','173.252.95.19','2019-09-11 11:01:01',NULL),(1839,'Taiwan','TW','Hsinchu','Hsinchu','110.50.139.130','2019-09-11 11:11:38',NULL),(1840,'Taiwan','TW','Hsinchu','Hsinchu','110.50.139.130','2019-09-11 11:12:12',NULL),(1841,'Taiwan','TW','Hsinchu','Hsinchu','110.50.139.130','2019-09-11 11:12:43',NULL),(1842,'Taiwan','TW','Hsinchu','Hsinchu','110.50.139.130','2019-09-11 11:13:44',NULL),(1843,'Taiwan','TW','','','49.216.30.240','2019-09-11 11:18:26',NULL),(1844,'Taiwan','TW','Hsinchu','Hsinchu','110.50.139.130','2019-09-11 11:19:15',NULL),(1845,'United States','US','','','173.252.95.25','2019-09-11 11:20:15',NULL),(1846,'Taiwan','TW','Hsinchu','Hsinchu','110.50.139.130','2019-09-11 11:23:16',NULL),(1847,'Taiwan','TW','Hsinchu','Hsinchu','110.50.139.130','2019-09-11 11:27:27',NULL),(1848,'Hong Kong','HK','Central and Western District','Central','123.202.68.10','2019-09-11 12:09:11',NULL),(1849,'Hong Kong','HK','Central and Western District','Central','123.202.68.10','2019-09-11 12:11:22',NULL),(1850,'Hong Kong','HK','Central and Western District','Central','123.202.68.10','2019-09-11 12:13:33',NULL),(1851,'Hong Kong','HK','Central and Western District','Central','123.202.68.10','2019-09-11 12:15:41',NULL),(1852,'United States','US','','','173.252.127.39','2019-09-11 12:31:09',NULL),(1853,'Taiwan','TW','','','101.12.114.151','2019-09-11 12:31:09',NULL),(1854,'Taiwan','TW','','','101.12.114.151','2019-09-11 12:32:33',NULL),(1855,'Taiwan','TW','','','101.12.114.151','2019-09-11 12:33:28',NULL),(1856,'Taiwan','TW','Hsinchu','Hsinchu','180.217.174.176','2019-09-11 13:22:51',NULL),(1857,'Taiwan','TW','Hsinchu','Hsinchu','180.217.174.176','2019-09-11 13:26:12',NULL),(1858,'Taiwan','TW','','','101.12.14.250','2019-09-11 13:30:29',NULL),(1859,'Taiwan','TW','','','39.11.131.25','2019-09-11 13:40:02',NULL),(1860,'Taiwan','TW','Taichung City','Taichung','27.52.42.83','2019-09-11 14:09:13',NULL),(1861,NULL,NULL,NULL,NULL,NULL,'2019-09-12 11:01:00',NULL),(1862,NULL,NULL,NULL,NULL,NULL,'2019-10-02 06:31:23',NULL),(1863,NULL,NULL,NULL,NULL,NULL,'2019-10-06 21:29:53',NULL),(1864,NULL,NULL,NULL,NULL,NULL,'2019-10-06 21:30:07',NULL),(1865,NULL,NULL,NULL,NULL,NULL,'2019-10-06 21:42:47',NULL),(1866,NULL,NULL,NULL,NULL,NULL,'2019-10-06 21:42:51',NULL);

/*Table structure for table `t_order_generate` */

DROP TABLE IF EXISTS `t_order_generate`;

CREATE TABLE `t_order_generate` (
  `id_order_generate` int(10) NOT NULL AUTO_INCREMENT,
  `og_order_no` varchar(100) DEFAULT NULL,
  `og_amount` varchar(100) DEFAULT NULL,
  `og_status` varchar(100) DEFAULT NULL,
  `og_generate_file` varchar(255) DEFAULT NULL,
  `og_generate_url` text,
  `created_at` datetime DEFAULT NULL,
  `updated_at` datetime DEFAULT NULL,
  PRIMARY KEY (`id_order_generate`)
) ENGINE=InnoDB DEFAULT CHARSET=latin1;

/*Data for the table `t_order_generate` */

/*Table structure for table `t_order_items` */

DROP TABLE IF EXISTS `t_order_items`;

CREATE TABLE `t_order_items` (
  `id_order_items` int(10) NOT NULL AUTO_INCREMENT,
  `id_orders` int(10) NOT NULL,
  `oi_nama` varchar(100) DEFAULT NULL,
  `oi_merk` varchar(100) DEFAULT NULL,
  `oi_type` varchar(100) DEFAULT NULL,
  `oi_warna` varchar(100) DEFAULT NULL,
  `oi_unit` varchar(100) DEFAULT NULL,
  `oi_uang_muka` varchar(100) DEFAULT NULL,
  `oi_cicilan` varchar(100) DEFAULT NULL,
  `oi_tempo` varchar(100) DEFAULT NULL,
  `oi_total` varchar(100) DEFAULT NULL,
  `created_at` datetime DEFAULT NULL,
  `updated_at` datetime DEFAULT NULL,
  PRIMARY KEY (`id_order_items`)
) ENGINE=InnoDB AUTO_INCREMENT=12 DEFAULT CHARSET=latin1;

/*Data for the table `t_order_items` */

insert  into `t_order_items`(`id_order_items`,`id_orders`,`oi_nama`,`oi_merk`,`oi_type`,`oi_warna`,`oi_unit`,`oi_uang_muka`,`oi_cicilan`,`oi_tempo`,`oi_total`,`created_at`,`updated_at`) values (4,2,'Motor','Yamaha','Nmax',NULL,'1','','','','10000','2019-09-22 15:36:39',NULL),(5,2,'Kulkas','Sharp','A2342',NULL,'1','','','','300','2019-09-22 15:36:39',NULL),(10,3,'Barang A','A','A','A','','','500','12','6000','2019-09-30 20:00:44',NULL),(11,3,'Barang B','B','B','B','','','300','7','2100','2019-09-30 20:00:44',NULL);

/*Table structure for table `t_order_receiver` */

DROP TABLE IF EXISTS `t_order_receiver`;

CREATE TABLE `t_order_receiver` (
  `id_order_receiver` int(10) NOT NULL AUTO_INCREMENT,
  `or_nama` varchar(100) DEFAULT NULL,
  `or_no_id` varchar(100) DEFAULT NULL,
  `or_hubungan` varchar(100) DEFAULT NULL,
  `or_alamat_negara` varchar(100) DEFAULT NULL,
  `or_alamat_detail` text,
  `or_hp` varchar(100) DEFAULT NULL,
  `or_hp_keluarga` varchar(100) DEFAULT NULL,
  `created_at` datetime DEFAULT NULL,
  `updated_at` datetime DEFAULT NULL,
  PRIMARY KEY (`id_order_receiver`)
) ENGINE=InnoDB AUTO_INCREMENT=4 DEFAULT CHARSET=latin1;

/*Data for the table `t_order_receiver` */

insert  into `t_order_receiver`(`id_order_receiver`,`or_nama`,`or_no_id`,`or_hubungan`,`or_alamat_negara`,`or_alamat_detail`,`or_hp`,`or_hp_keluarga`,`created_at`,`updated_at`) values (2,'Maula','2342080922','Orang Tua','Taiwan','Jl. Taiwan','23498723982','23042809809','2019-09-22 15:36:39',NULL),(3,'Maulana','1231231','Anak','Taiwan','asdasd','1231231','1231231','2019-09-28 15:50:32','2019-09-30 20:00:44');

/*Table structure for table `t_order_sign` */

DROP TABLE IF EXISTS `t_order_sign`;

CREATE TABLE `t_order_sign` (
  `id_order_sign` int(10) NOT NULL AUTO_INCREMENT,
  `id_user_member` int(10) DEFAULT NULL,
  `file_sign_member` varchar(255) DEFAULT NULL,
  `id_user_marketing` int(10) DEFAULT NULL,
  `file_sign_marketing` varchar(255) DEFAULT NULL,
  `id_user_manager` int(10) DEFAULT NULL,
  `file_sign_manager` varchar(255) DEFAULT NULL,
  `created_at` datetime DEFAULT NULL,
  `updated_at` datetime DEFAULT NULL,
  PRIMARY KEY (`id_order_sign`)
) ENGINE=InnoDB DEFAULT CHARSET=latin1;

/*Data for the table `t_order_sign` */

/*Table structure for table `t_order_tng` */

DROP TABLE IF EXISTS `t_order_tng`;

CREATE TABLE `t_order_tng` (
  `id_order_tng` int(10) NOT NULL AUTO_INCREMENT,
  `order_no` varchar(255) DEFAULT NULL,
  `ksm_no_id` varchar(255) DEFAULT NULL,
  `ksm_nama` varchar(255) DEFAULT NULL,
  `ksm_photo_id` varchar(255) DEFAULT NULL,
  `tng_tx_no` varchar(255) DEFAULT NULL,
  `tng_amount` varchar(255) DEFAULT NULL,
  `tng_qrcode_photo` varchar(255) DEFAULT NULL,
  `tng_qrcode_url` text,
  `tng_status` varchar(50) DEFAULT NULL,
  `id_users` int(10) DEFAULT NULL,
  `created_at` datetime DEFAULT NULL,
  `updated_at` datetime DEFAULT NULL,
  PRIMARY KEY (`id_order_tng`)
) ENGINE=InnoDB AUTO_INCREMENT=2 DEFAULT CHARSET=latin1;

/*Data for the table `t_order_tng` */

insert  into `t_order_tng`(`id_order_tng`,`order_no`,`ksm_no_id`,`ksm_nama`,`ksm_photo_id`,`tng_tx_no`,`tng_amount`,`tng_qrcode_photo`,`tng_qrcode_url`,`tng_status`,`id_users`,`created_at`,`updated_at`) values (1,'5d77b542579db','3571011202940002','Zaky','assets/images/costumers/customer-190910213757.jpg',NULL,'200','assets/qrcode/images/qrc-190910213756.png','https://entry-pp.tng.asia/ba1tb2yFxhqaF-95Ou6qP5hb7T14RZum_z4ADmdtsRKsSoYP_gf_1Jr2ZcCFkDN_0_gpBiEy7AiGmrVTscQXfhb0mvjwkdBWHSP9e2pg6TYVaxRjk5z1ZdiuqTGkZaBpjHWvthbhE2D-YGX9bIWLz87WFqRdMS4-5Mgc1pEkTARWp7s=|fZRerLhV90datHCzFGgOn1ZKorUhAXw4JFFm6pkeSyg=','PENDING',4,'2019-09-10 21:37:57','2019-09-10 21:38:04');

/*Table structure for table `t_orders` */

DROP TABLE IF EXISTS `t_orders`;

CREATE TABLE `t_orders` (
  `id_orders` int(10) NOT NULL AUTO_INCREMENT,
  `no_order` varchar(100) DEFAULT NULL,
  `no_order_generate` varchar(100) DEFAULT NULL,
  `id_order_status` int(10) DEFAULT NULL,
  `id_members` int(10) DEFAULT NULL,
  `id_order_receiver` int(10) DEFAULT NULL,
  `id_order_sign` int(10) DEFAULT NULL,
  `id_order_generate` int(10) DEFAULT NULL,
  `id_user_marketing` int(10) DEFAULT NULL,
  `biaya_order` varchar(100) DEFAULT NULL,
  `created_at` datetime DEFAULT NULL,
  `updated_at` datetime DEFAULT NULL,
  PRIMARY KEY (`id_orders`)
) ENGINE=InnoDB AUTO_INCREMENT=4 DEFAULT CHARSET=latin1;

/*Data for the table `t_orders` */

insert  into `t_orders`(`id_orders`,`no_order`,`no_order_generate`,`id_order_status`,`id_members`,`id_order_receiver`,`id_order_sign`,`id_order_generate`,`id_user_marketing`,`biaya_order`,`created_at`,`updated_at`) values (2,'HK190922153639','346547e72c4c89f4ac876c43750aea11',1,2,2,NULL,NULL,6,NULL,'2019-09-22 15:36:39',NULL),(3,'HK190928155032','2020d46e27d0a65e629c0a3977c8980a',1,3,3,NULL,NULL,6,'500','2019-09-28 15:50:32',NULL);

/*Table structure for table `t_ref_order_status` */

DROP TABLE IF EXISTS `t_ref_order_status`;

CREATE TABLE `t_ref_order_status` (
  `id_order_status` int(10) NOT NULL AUTO_INCREMENT,
  `os_name` varchar(100) DEFAULT NULL,
  `created_at` datetime DEFAULT NULL,
  `updated_at` datetime DEFAULT NULL,
  PRIMARY KEY (`id_order_status`)
) ENGINE=InnoDB AUTO_INCREMENT=9 DEFAULT CHARSET=latin1;

/*Data for the table `t_ref_order_status` */

insert  into `t_ref_order_status`(`id_order_status`,`os_name`,`created_at`,`updated_at`) values (1,'Menunggu persetujuan konsumen',NULL,NULL),(2,'Menunggu persetujuan marketing',NULL,NULL),(3,'Menunggu persetujuan manager',NULL,NULL),(4,'Proses pembayaran',NULL,NULL),(5,'Pembayaran PENDING',NULL,NULL),(6,'Pembayaran SUKSES',NULL,NULL),(7,'Pembayaran GAGAL',NULL,NULL),(8,'Order dibatalkan',NULL,NULL);

/*Table structure for table `u_contact_official` */

DROP TABLE IF EXISTS `u_contact_official`;

CREATE TABLE `u_contact_official` (
  `id_contact_official` int(10) NOT NULL AUTO_INCREMENT,
  `contact_person` varchar(100) DEFAULT NULL,
  `email` varchar(100) DEFAULT NULL,
  `address` text,
  `country_name` varchar(100) DEFAULT NULL,
  `country_code` varchar(100) DEFAULT NULL,
  `country_kurs` varchar(100) DEFAULT NULL,
  `created_at` datetime DEFAULT NULL,
  `updated_at` datetime DEFAULT NULL,
  PRIMARY KEY (`id_contact_official`)
) ENGINE=InnoDB AUTO_INCREMENT=2 DEFAULT CHARSET=latin1;

/*Data for the table `u_contact_official` */

insert  into `u_contact_official`(`id_contact_official`,`contact_person`,`email`,`address`,`country_name`,`country_code`,`country_kurs`,`created_at`,`updated_at`) values (1,'85257039400','info@arafah.hk','No. 1 Great George Street, Island Centre Building, Lantai 12, Unit 5, <br> Causeway Bay - Hongkong <br><b>(Depan Sogo, Exit E MTR Causeway Bay)</b>','Hongkong','hk','HKD',NULL,NULL);

/*Table structure for table `u_members` */

DROP TABLE IF EXISTS `u_members`;

CREATE TABLE `u_members` (
  `id_members` int(10) NOT NULL AUTO_INCREMENT,
  `no_member` varchar(100) DEFAULT NULL,
  `m_nama` varchar(100) DEFAULT NULL,
  `m_ttl` varchar(100) DEFAULT NULL,
  `m_status_nikah` varchar(100) DEFAULT NULL,
  `m_alamat_indo` text,
  `m_nama_ayah` varchar(100) DEFAULT NULL,
  `m_nama_ibu` varchar(100) DEFAULT NULL,
  `m_hp_indo` varchar(100) DEFAULT NULL,
  `m_hp_luar` varchar(100) DEFAULT NULL,
  `m_status_rumah` varchar(100) DEFAULT NULL,
  `m_pekerjaan` varchar(100) DEFAULT NULL,
  `m_pekerjaan_no_id_luar` varchar(100) DEFAULT NULL,
  `m_pekerjaan_masa_berlaku` varchar(100) DEFAULT NULL,
  `m_pekerjaan_alamat` text,
  `m_pekerjaan_teman_nama` varchar(100) DEFAULT NULL,
  `m_pekerjaan_teman_hp` varchar(100) DEFAULT NULL,
  `m_medsos_line` varchar(100) DEFAULT NULL,
  `m_medsos_fb` varchar(100) DEFAULT NULL,
  `m_medsos_ig` varchar(100) DEFAULT NULL,
  `m_medsos_wa` varchar(100) DEFAULT NULL,
  `m_file_id_card` varchar(255) DEFAULT NULL,
  `m_file_selfie` varchar(255) DEFAULT NULL,
  `m_selfie_pilihan` varchar(100) DEFAULT NULL,
  `m_file_lain` varchar(255) DEFAULT NULL,
  `created_at` datetime DEFAULT NULL,
  `updated_at` datetime DEFAULT NULL,
  PRIMARY KEY (`id_members`)
) ENGINE=InnoDB AUTO_INCREMENT=4 DEFAULT CHARSET=latin1;

/*Data for the table `u_members` */

insert  into `u_members`(`id_members`,`no_member`,`m_nama`,`m_ttl`,`m_status_nikah`,`m_alamat_indo`,`m_nama_ayah`,`m_nama_ibu`,`m_hp_indo`,`m_hp_luar`,`m_status_rumah`,`m_pekerjaan`,`m_pekerjaan_no_id_luar`,`m_pekerjaan_masa_berlaku`,`m_pekerjaan_alamat`,`m_pekerjaan_teman_nama`,`m_pekerjaan_teman_hp`,`m_medsos_line`,`m_medsos_fb`,`m_medsos_ig`,`m_medsos_wa`,`m_file_id_card`,`m_file_selfie`,`m_selfie_pilihan`,`m_file_lain`,`created_at`,`updated_at`) values (2,'N190922153639HK','Zaky','Kdr, 12 Februari 1994','Belum Nikah','Jl. Kediri','Papa','Mama','09456048098','09384598309','Pribadi','Lain-lain','7893409458380','Tetap','Jl. Raya','Fadhil','2903492809','zacky','zackym','@zackymaula','092384920923','assets/images/members/member-190922153639-0.jpg','assets/images/members/member-190922153639-01.jpg','kelingking','assets/images/members/member-190922153639-02.png','2019-09-22 15:36:39',NULL),(3,'O190928155032HK','Zaky','Kdr','Sudah Nikah','Kediri','Ayah','Ibu','12312312','131230198','Orang Tua','Nurse','123123123','4','Kediri','Maula','234234028340','asdasd','asdasd','asdas','asdasd','assets/images/members/member-190928155032-0.jpg','assets/images/members/member-190930200044-selfie.jpg','kelingking','assets/images/members/member-190930200045-lain.jpg','2019-09-28 15:50:32','2019-09-30 20:00:44');

/*Table structure for table `u_role` */

DROP TABLE IF EXISTS `u_role`;

CREATE TABLE `u_role` (
  `id_role` int(10) NOT NULL AUTO_INCREMENT,
  `name_role` varchar(255) DEFAULT NULL,
  `created_at` datetime DEFAULT NULL,
  `updated_at` datetime DEFAULT NULL,
  PRIMARY KEY (`id_role`)
) ENGINE=InnoDB AUTO_INCREMENT=7 DEFAULT CHARSET=latin1;

/*Data for the table `u_role` */

insert  into `u_role`(`id_role`,`name_role`,`created_at`,`updated_at`) values (1,'Super User','2019-06-26 20:28:29','2019-06-26 20:28:29'),(2,'Marketing','2019-06-26 20:31:10','2019-06-26 20:31:13'),(3,'Manager','2019-06-26 20:31:15','2019-06-26 20:31:18'),(4,'Staff','2019-10-05 21:32:19',NULL),(5,'Admin QRcode','2019-10-05 21:32:22',NULL),(6,'Second Super User','2019-10-07 11:56:35',NULL);

/*Table structure for table `u_staff` */

DROP TABLE IF EXISTS `u_staff`;

CREATE TABLE `u_staff` (
  `id_staff` int(10) NOT NULL AUTO_INCREMENT,
  `name` varchar(100) DEFAULT NULL,
  `url` varchar(100) DEFAULT NULL,
  `contact_person` varchar(100) DEFAULT NULL,
  `email` varchar(100) DEFAULT NULL,
  `photo_file_path` varchar(100) DEFAULT NULL,
  `photo_file_name` varchar(100) DEFAULT NULL,
  `created_at` datetime DEFAULT NULL,
  `updated_at` datetime DEFAULT NULL,
  PRIMARY KEY (`id_staff`)
) ENGINE=InnoDB AUTO_INCREMENT=18 DEFAULT CHARSET=latin1;

/*Data for the table `u_staff` */

insert  into `u_staff`(`id_staff`,`name`,`url`,`contact_person`,`email`,`photo_file_path`,`photo_file_name`,`created_at`,`updated_at`) values (1,'Test Dev','test','6282235676581','info@arafah.hk','assets/images/staff/','staff-190831165001.png','2019-08-31 16:50:01',NULL),(7,'Eka','eka','85290354555','info@arafah.hk','assets/images/staff/','staff-190831160611.jpeg','2019-08-31 16:06:11',NULL),(8,'Sofie','sofie','85267303233','info@arafah.hk','assets/images/staff/','staff-190831160841.jpg','2019-08-31 16:08:41',NULL),(9,'Kusnul','kusnul','85268474447','info@arafah.hk','assets/images/staff/','staff-190831160922.jpg','2019-08-31 16:09:22',NULL),(10,'Fanny','fanny','85268573296','info@arafah.hk','assets/images/staff/','staff-190831161054.png','2019-08-31 16:10:54',NULL),(12,'Adit','adit','6289601666330','info@arafah.hk','assets/images/staff/','staff-190831163308.jpg','2019-08-31 16:33:08',NULL),(13,'Titik','titik','6282234638176','info@arafah.hk','assets/images/staff/','staff-190831163601.jpg','2019-08-31 16:36:01',NULL),(14,'Ika','ika','6281233710910','info@arafah.hk','assets/images/staff/','staff-190831163647.jpg','2019-08-31 16:36:47',NULL),(15,'Yuyun','yuyun','6282142700145','info@arafah.hk','assets/images/staff/','staff-190831163712.jpg','2019-08-31 16:37:12',NULL),(16,'Rengga','rengga','6285746960173 ','info@arafah.hk','assets/images/staff/','staff-190831163744.jpg','2019-08-31 16:37:44',NULL),(17,'Risma','risma','6285336993842','info@arafah.hk','assets/images/staff/','staff-190831163837.png','2019-08-31 16:38:37',NULL);

/*Table structure for table `u_users` */

DROP TABLE IF EXISTS `u_users`;

CREATE TABLE `u_users` (
  `id_users` int(10) NOT NULL AUTO_INCREMENT,
  `id_role` int(10) NOT NULL,
  `name` varchar(255) DEFAULT NULL,
  `usernm` varchar(255) DEFAULT NULL,
  `passwd` varchar(255) DEFAULT NULL,
  `created_at` datetime DEFAULT NULL,
  `updated_at` datetime DEFAULT NULL,
  PRIMARY KEY (`id_users`)
) ENGINE=InnoDB AUTO_INCREMENT=10 DEFAULT CHARSET=latin1;

/*Data for the table `u_users` */

insert  into `u_users`(`id_users`,`id_role`,`name`,`usernm`,`passwd`,`created_at`,`updated_at`) values (1,1,'Administrator','adminarafah','1234adm@arafah!','2019-06-26 20:34:51','2019-06-26 20:34:53'),(4,5,'Admin QRcode','adminqrcode1','arafah@qrcode123','2019-08-26 22:08:16','2019-08-26 22:08:22'),(6,2,'Marketing','adminmarketing','arafah@marketing123','2019-08-27 17:35:35','2019-08-27 17:35:37'),(7,3,'Manager','adminmanager','arafah@manager123','2019-09-16 00:02:59',NULL),(8,4,'Staff','adminstaff','arafah@staff123','2019-10-05 21:35:35',NULL),(9,6,'Admin 2nd','adminarafah2nd','arafah@admin123','2019-10-07 11:58:24',NULL);

/*!40101 SET SQL_MODE=@OLD_SQL_MODE */;
/*!40014 SET FOREIGN_KEY_CHECKS=@OLD_FOREIGN_KEY_CHECKS */;
/*!40014 SET UNIQUE_CHECKS=@OLD_UNIQUE_CHECKS */;
/*!40111 SET SQL_NOTES=@OLD_SQL_NOTES */;
